route_id,city_from_name,city_to_name,distance,city_from_coord,city_to_coord
R0001,Hyderabad,Dubai,6878,"17.3850,78.4867","25.2048,55.2708"
R0002,Mumbai,Singapore,11991,"19.0760,72.8777","1.3521,103.8198"
R0003,Chennai,Frankfurt,7524,"13.0827,80.2707","50.1109,8.6821"
R0004,Pune,Sydney,6045,"18.5204,73.8567","-33.8688,151.2093"
R0005,Mumbai,Dubai,10057,"19.0760,72.8777","25.2048,55.2708"
R0006,Mumbai,Tokyo,11433,"19.0760,72.8777","35.6762,139.6503"
R0007,Delhi,New York,7812,"28.6139,77.2090","40.7128,-74.0060"
R0008,Ahmedabad,Singapore,11689,"23.0225,72.5714","1.3521,103.8198"
R0009,Pune,Tokyo,2998,"18.5204,73.8567","35.6762,139.6503"
R0010,Mumbai,Sydney,8991,"19.0760,72.8777","-33.8688,151.2093"
R0011,Delhi,Dubai,2436,"28.6139,77.2090","25.2048,55.2708"
R0012,Delhi,London,11659,"28.6139,77.2090","51.5074,-0.1278"
R0013,Delhi,New York,6200,"28.6139,77.2090","40.7128,-74.0060"
R0014,Ahmedabad,New York,11054,"23.0225,72.5714","40.7128,-74.0060"
R0015,Pune,London,7420,"18.5204,73.8567","51.5074,-0.1278"
R0016,Delhi,Toronto,6984,"28.6139,77.2090","43.6532,-79.3832"
R0017,Bengaluru,Toronto,2003,"12.9716,77.5946","43.6532,-79.3832"
R0018,Bengaluru,Tokyo,5818,"12.9716,77.5946","35.6762,139.6503"
R0019,Bengaluru,Sydney,3865,"12.9716,77.5946","-33.8688,151.2093"
R0020,Ahmedabad,Toronto,2327,"23.0225,72.5714","43.6532,-79.3832"
R0021,Hyderabad,Frankfurt,4604,"17.3850,78.4867","50.1109,8.6821"
R0022,Ahmedabad,Frankfurt,9986,"23.0225,72.5714","50.1109,8.6821"
R0023,Bengaluru,London,7646,"12.9716,77.5946","51.5074,-0.1278"
R0024,Ahmedabad,Toronto,6220,"23.0225,72.5714","43.6532,-79.3832"
R0025,Ahmedabad,Singapore,6437,"23.0225,72.5714","1.3521,103.8198"
R0026,Pune,London,3583,"18.5204,73.8567","51.5074,-0.1278"
R0027,Mumbai,Frankfurt,7133,"19.0760,72.8777","50.1109,8.6821"
R0028,Delhi,New York,3816,"28.6139,77.2090","40.7128,-74.0060"
R0029,Bengaluru,New York,4534,"12.9716,77.5946","40.7128,-74.0060"
R0030,Mumbai,Frankfurt,7230,"19.0760,72.8777","50.1109,8.6821"
R0031,Pune,Dubai,6437,"18.5204,73.8567","25.2048,55.2708"
R0032,Hyderabad,Toronto,4475,"17.3850,78.4867","43.6532,-79.3832"
R0033,Chennai,London,9342,"13.0827,80.2707","51.5074,-0.1278"
R0034,Bengaluru,Tokyo,8007,"12.9716,77.5946","35.6762,139.6503"
R0035,Hyderabad,Toronto,6575,"17.3850,78.4867","43.6532,-79.3832"
R0036,Mumbai,London,4504,"19.0760,72.8777","51.5074,-0.1278"
R0037,Pune,Tokyo,5201,"18.5204,73.8567","35.6762,139.6503"
R0038,Chennai,Tokyo,7949,"13.0827,80.2707","35.6762,139.6503"
R0039,Mumbai,London,2107,"19.0760,72.8777","51.5074,-0.1278"
R0040,Pune,Tokyo,10370,"18.5204,73.8567","35.6762,139.6503"
R0041,Chennai,Sydney,7716,"13.0827,80.2707","-33.8688,151.2093"
R0042,Hyderabad,Tokyo,10078,"17.3850,78.4867","35.6762,139.6503"
R0043,Pune,Dubai,11252,"18.5204,73.8567","25.2048,55.2708"
R0044,Mumbai,Singapore,7823,"19.0760,72.8777","1.3521,103.8198"
R0045,Delhi,Toronto,876,"28.6139,77.2090","43.6532,-79.3832"
R0046,Kolkata,Sydney,3289,"22.5726,88.3639","-33.8688,151.2093"
R0047,Bengaluru,Singapore,6251,"12.9716,77.5946","1.3521,103.8198"
R0048,Hyderabad,Dubai,11116,"17.3850,78.4867","25.2048,55.2708"
R0049,Chennai,Dubai,5901,"13.0827,80.2707","25.2048,55.2708"
R0050,Pune,Frankfurt,429,"18.5204,73.8567","50.1109,8.6821"
R0051,Chennai,Singapore,3629,"13.0827,80.2707","1.3521,103.8198"
R0052,Mumbai,Dubai,2537,"19.0760,72.8777","25.2048,55.2708"
R0053,Delhi,Sydney,4738,"28.6139,77.2090","-33.8688,151.2093"
R0054,Mumbai,Singapore,5163,"19.0760,72.8777","1.3521,103.8198"
R0055,Pune,London,4071,"18.5204,73.8567","51.5074,-0.1278"
R0056,Bengaluru,Sydney,5137,"12.9716,77.5946","-33.8688,151.2093"
R0057,Delhi,London,2733,"28.6139,77.2090","51.5074,-0.1278"
R0058,Pune,Frankfurt,739,"18.5204,73.8567","50.1109,8.6821"
R0059,Hyderabad,London,3488,"17.3850,78.4867","51.5074,-0.1278"
R0060,Ahmedabad,Sydney,4316,"23.0225,72.5714","-33.8688,151.2093"
R0061,Chennai,Frankfurt,7981,"13.0827,80.2707","50.1109,8.6821"
R0062,Hyderabad,Tokyo,3737,"17.3850,78.4867","35.6762,139.6503"
R0063,Ahmedabad,Dubai,1083,"23.0225,72.5714","25.2048,55.2708"
R0064,Kolkata,Sydney,5619,"22.5726,88.3639","-33.8688,151.2093"
R0065,Mumbai,Frankfurt,8828,"19.0760,72.8777","50.1109,8.6821"
R0066,Mumbai,Tokyo,9841,"19.0760,72.8777","35.6762,139.6503"
R0067,Pune,Singapore,1888,"18.5204,73.8567","1.3521,103.8198"
R0068,Kolkata,Toronto,3909,"22.5726,88.3639","43.6532,-79.3832"
R0069,Mumbai,Tokyo,1790,"19.0760,72.8777","35.6762,139.6503"
R0070,Bengaluru,London,2248,"12.9716,77.5946","51.5074,-0.1278"
R0071,Bengaluru,Toronto,6220,"12.9716,77.5946","43.6532,-79.3832"
R0072,Mumbai,Dubai,8161,"19.0760,72.8777","25.2048,55.2708"
R0073,Bengaluru,New York,6029,"12.9716,77.5946","40.7128,-74.0060"
R0074,Hyderabad,London,6549,"17.3850,78.4867","51.5074,-0.1278"
R0075,Chennai,Frankfurt,3532,"13.0827,80.2707","50.1109,8.6821"
R0076,Hyderabad,Singapore,8478,"17.3850,78.4867","1.3521,103.8198"
R0077,Hyderabad,Singapore,5214,"17.3850,78.4867","1.3521,103.8198"
R0078,Kolkata,Dubai,7360,"22.5726,88.3639","25.2048,55.2708"
R0079,Delhi,New York,8709,"28.6139,77.2090","40.7128,-74.0060"
R0080,Hyderabad,Toronto,1356,"17.3850,78.4867","43.6532,-79.3832"
R0081,Chennai,Tokyo,612,"13.0827,80.2707","35.6762,139.6503"
R0082,Kolkata,Dubai,1365,"22.5726,88.3639","25.2048,55.2708"
R0083,Chennai,Frankfurt,9690,"13.0827,80.2707","50.1109,8.6821"
R0084,Bengaluru,Tokyo,3730,"12.9716,77.5946","35.6762,139.6503"
R0085,Kolkata,Frankfurt,11126,"22.5726,88.3639","50.1109,8.6821"
R0086,Pune,London,1582,"18.5204,73.8567","51.5074,-0.1278"
R0087,Delhi,Dubai,2913,"28.6139,77.2090","25.2048,55.2708"
R0088,Kolkata,Frankfurt,9006,"22.5726,88.3639","50.1109,8.6821"
R0089,Bengaluru,Dubai,3506,"12.9716,77.5946","25.2048,55.2708"
R0090,Bengaluru,London,746,"12.9716,77.5946","51.5074,-0.1278"
R0091,Pune,Frankfurt,399,"18.5204,73.8567","50.1109,8.6821"
R0092,Pune,Singapore,8855,"18.5204,73.8567","1.3521,103.8198"
R0093,Kolkata,Tokyo,4997,"22.5726,88.3639","35.6762,139.6503"
R0094,Bengaluru,Toronto,337,"12.9716,77.5946","43.6532,-79.3832"
R0095,Kolkata,New York,8755,"22.5726,88.3639","40.7128,-74.0060"
R0096,Bengaluru,Toronto,2721,"12.9716,77.5946","43.6532,-79.3832"
R0097,Mumbai,Sydney,3084,"19.0760,72.8777","-33.8688,151.2093"
R0098,Hyderabad,Singapore,2166,"17.3850,78.4867","1.3521,103.8198"
R0099,Mumbai,Sydney,7267,"19.0760,72.8777","-33.8688,151.2093"
R0100,Bengaluru,London,2083,"12.9716,77.5946","51.5074,-0.1278"
R0101,Hyderabad,Tokyo,5231,"17.3850,78.4867","35.6762,139.6503"
R0102,Ahmedabad,Sydney,1470,"23.0225,72.5714","-33.8688,151.2093"
R0103,Chennai,Sydney,1503,"13.0827,80.2707","-33.8688,151.2093"
R0104,Kolkata,Tokyo,6076,"22.5726,88.3639","35.6762,139.6503"
R0105,Pune,Dubai,2401,"18.5204,73.8567","25.2048,55.2708"
R0106,Mumbai,Toronto,3831,"19.0760,72.8777","43.6532,-79.3832"
R0107,Mumbai,London,7272,"19.0760,72.8777","51.5074,-0.1278"
R0108,Kolkata,Sydney,1863,"22.5726,88.3639","-33.8688,151.2093"
R0109,Pune,Singapore,3004,"18.5204,73.8567","1.3521,103.8198"
R0110,Chennai,Tokyo,5277,"13.0827,80.2707","35.6762,139.6503"
R0111,Bengaluru,Toronto,10658,"12.9716,77.5946","43.6532,-79.3832"
R0112,Mumbai,London,6799,"19.0760,72.8777","51.5074,-0.1278"
R0113,Kolkata,Frankfurt,7233,"22.5726,88.3639","50.1109,8.6821"
R0114,Kolkata,New York,4160,"22.5726,88.3639","40.7128,-74.0060"
R0115,Hyderabad,Singapore,2378,"17.3850,78.4867","1.3521,103.8198"
R0116,Pune,Singapore,11675,"18.5204,73.8567","1.3521,103.8198"
R0117,Bengaluru,Singapore,6733,"12.9716,77.5946","1.3521,103.8198"
R0118,Chennai,Toronto,3374,"13.0827,80.2707","43.6532,-79.3832"
R0119,Ahmedabad,Sydney,9929,"23.0225,72.5714","-33.8688,151.2093"
R0120,Delhi,New York,366,"28.6139,77.2090","40.7128,-74.0060"
R0121,Ahmedabad,London,3964,"23.0225,72.5714","51.5074,-0.1278"
R0122,Kolkata,Toronto,2809,"22.5726,88.3639","43.6532,-79.3832"
R0123,Ahmedabad,Dubai,4795,"23.0225,72.5714","25.2048,55.2708"
R0124,Bengaluru,Tokyo,9110,"12.9716,77.5946","35.6762,139.6503"
R0125,Ahmedabad,New York,10547,"23.0225,72.5714","40.7128,-74.0060"
R0126,Kolkata,Sydney,6193,"22.5726,88.3639","-33.8688,151.2093"
R0127,Ahmedabad,Dubai,1051,"23.0225,72.5714","25.2048,55.2708"
R0128,Kolkata,Dubai,6993,"22.5726,88.3639","25.2048,55.2708"
R0129,Hyderabad,London,1254,"17.3850,78.4867","51.5074,-0.1278"
R0130,Delhi,Tokyo,11275,"28.6139,77.2090","35.6762,139.6503"
R0131,Pune,Dubai,2394,"18.5204,73.8567","25.2048,55.2708"
R0132,Delhi,Singapore,10790,"28.6139,77.2090","1.3521,103.8198"
R0133,Bengaluru,Dubai,7283,"12.9716,77.5946","25.2048,55.2708"
R0134,Mumbai,New York,9281,"19.0760,72.8777","40.7128,-74.0060"
R0135,Ahmedabad,London,4874,"23.0225,72.5714","51.5074,-0.1278"
R0136,Delhi,Singapore,8873,"28.6139,77.2090","1.3521,103.8198"
R0137,Kolkata,New York,2455,"22.5726,88.3639","40.7128,-74.0060"
R0138,Chennai,Sydney,11582,"13.0827,80.2707","-33.8688,151.2093"
R0139,Mumbai,New York,2802,"19.0760,72.8777","40.7128,-74.0060"
R0140,Ahmedabad,Toronto,4995,"23.0225,72.5714","43.6532,-79.3832"
R0141,Chennai,New York,5833,"13.0827,80.2707","40.7128,-74.0060"
R0142,Bengaluru,Frankfurt,5799,"12.9716,77.5946","50.1109,8.6821"
R0143,Pune,Toronto,6728,"18.5204,73.8567","43.6532,-79.3832"
R0144,Delhi,Dubai,756,"28.6139,77.2090","25.2048,55.2708"
R0145,Chennai,Toronto,3860,"13.0827,80.2707","43.6532,-79.3832"
R0146,Chennai,Tokyo,7357,"13.0827,80.2707","35.6762,139.6503"
R0147,Hyderabad,Singapore,8746,"17.3850,78.4867","1.3521,103.8198"
R0148,Bengaluru,Tokyo,1701,"12.9716,77.5946","35.6762,139.6503"
R0149,Hyderabad,Toronto,2089,"17.3850,78.4867","43.6532,-79.3832"
R0150,Delhi,New York,9991,"28.6139,77.2090","40.7128,-74.0060"
