disruption_id,start_date,duration_days,disruption_type,severity,location,end_date
D0001,2025-03-20,11,WEATHER,LOW,PORT_12,2025-03-31
D0002,2024-01-25,11,CUSTOMS_DELAY,LOW,PORT_02,2024-02-05
D0003,2026-05-05,9,3PL_CAPACITY,LOW,HUB_23,2026-05-14
D0004,2025-05-07,5,HUB_CONGESTION,LOW,HUB_05,2025-05-12
D0005,2025-01-06,16,HUB_CONGESTION,LOW,HUB_30,2025-01-22
D0006,2025-01-08,14,WEATHER,LOW,PORT_29,2025-01-22
D0007,2025-07-13,9,HUB_CONGESTION,LOW,HUB_29,2025-07-22
D0008,2024-05-21,7,PORT_CONGESTION,LOW,PORT_15,2024-05-28
D0009,2024-01-24,5,HUB_CONGESTION,LOW,PORT_16,2024-01-29
D0010,2025-12-16,9,CUSTOMS_DELAY,LOW,HUB_25,2025-12-25
D0011,2026-04-13,13,WEATHER,LOW,HUB_29,2026-04-26
D0012,2024-08-12,3,WEATHER,LOW,PORT_22,2024-08-15
D0013,2025-09-26,2,CUSTOMS_DELAY,LOW,HUB_32,2025-09-28
D0014,2024-09-07,15,PORT_CONGESTION,LOW,HUB_02,2024-09-22
D0015,2025-07-04,9,PORT_CONGESTION,LOW,HUB_26,2025-07-13
D0016,2026-06-23,8,HUB_CONGESTION,LOW,PORT_02,2026-07-01
D0017,2024-12-19,11,HUB_CONGESTION,LOW,PORT_02,2024-12-30
D0018,2026-04-20,6,CUSTOMS_DELAY,LOW,HUB_18,2026-04-26
D0019,2025-07-19,17,CUSTOMS_DELAY,LOW,PORT_23,2025-08-05
D0020,2024-04-01,6,PORT_CONGESTION,LOW,HUB_04,2024-04-07
D0021,2025-06-03,2,3PL_CAPACITY,LOW,HUB_17,2025-06-05
D0022,2026-05-25,14,HUB_CONGESTION,LOW,PORT_21,2026-06-08
D0023,2025-10-12,14,WEATHER,LOW,HUB_25,2025-10-26
D0024,2024-05-09,6,CUSTOMS_DELAY,LOW,PORT_23,2024-05-15
D0025,2025-09-18,14,HUB_CONGESTION,LOW,HUB_13,2025-10-02
D0026,2025-10-03,9,3PL_CAPACITY,LOW,HUB_19,2025-10-12
D0027,2025-04-30,6,WEATHER,LOW,HUB_35,2025-05-06
D0028,2024-05-17,15,WEATHER,LOW,HUB_07,2024-06-01
D0029,2024-04-12,16,HUB_CONGESTION,LOW,HUB_10,2024-04-28
D0030,2025-01-17,3,CUSTOMS_DELAY,LOW,HUB_34,2025-01-20
D0031,2025-04-17,8,3PL_CAPACITY,LOW,PORT_12,2025-04-25
D0032,2024-10-23,16,HUB_CONGESTION,LOW,HUB_13,2024-11-08
D0033,2025-09-12,5,CUSTOMS_DELAY,LOW,PORT_03,2025-09-17
D0034,2025-03-07,12,CUSTOMS_DELAY,LOW,PORT_30,2025-03-19
D0035,2024-04-01,3,HUB_CONGESTION,LOW,PORT_09,2024-04-04
D0036,2024-08-23,7,3PL_CAPACITY,LOW,PORT_30,2024-08-30
D0037,2024-02-14,14,CUSTOMS_DELAY,LOW,HUB_31,2024-02-28
D0038,2026-03-05,15,3PL_CAPACITY,LOW,HUB_15,2026-03-20
D0039,2025-10-27,2,CUSTOMS_DELAY,LOW,PORT_05,2025-10-29
D0040,2025-05-27,13,WEATHER,LOW,PORT_16,2025-06-09
D0041,2026-04-19,5,3PL_CAPACITY,LOW,HUB_04,2026-04-24
D0042,2024-09-12,16,PORT_CONGESTION,LOW,PORT_12,2024-09-28
D0043,2025-10-19,9,3PL_CAPACITY,LOW,HUB_13,2025-10-28
D0044,2025-02-02,10,PORT_CONGESTION,LOW,PORT_22,2025-02-12
D0045,2026-01-26,10,3PL_CAPACITY,LOW,HUB_08,2026-02-05
D0046,2025-09-09,7,PORT_CONGESTION,LOW,HUB_11,2025-09-16
D0047,2024-10-01,3,HUB_CONGESTION,MEDIUM,PORT_10,2024-10-04
D0048,2024-04-14,4,3PL_CAPACITY,MEDIUM,HUB_35,2024-04-18
D0049,2026-02-26,4,3PL_CAPACITY,MEDIUM,HUB_14,2026-03-02
D0050,2024-05-07,6,CUSTOMS_DELAY,MEDIUM,HUB_31,2024-05-13
D0051,2026-05-05,7,HUB_CONGESTION,MEDIUM,PORT_13,2026-05-12
D0052,2026-04-24,2,3PL_CAPACITY,MEDIUM,HUB_12,2026-04-26
D0053,2025-04-03,3,PORT_CONGESTION,MEDIUM,HUB_27,2025-04-06
D0054,2024-05-04,11,HUB_CONGESTION,MEDIUM,HUB_06,2024-05-15
D0055,2024-10-22,17,3PL_CAPACITY,MEDIUM,PORT_08,2024-11-08
D0056,2026-02-18,9,CUSTOMS_DELAY,MEDIUM,PORT_12,2026-02-27
D0057,2025-03-23,15,WEATHER,MEDIUM,HUB_16,2025-04-07
D0058,2025-06-14,11,CUSTOMS_DELAY,MEDIUM,PORT_15,2025-06-25
D0059,2025-07-05,12,HUB_CONGESTION,MEDIUM,HUB_22,2025-07-17
D0060,2024-02-11,14,3PL_CAPACITY,MEDIUM,HUB_40,2024-02-25
D0061,2024-06-01,5,PORT_CONGESTION,MEDIUM,PORT_16,2024-06-06
D0062,2026-03-21,7,3PL_CAPACITY,MEDIUM,PORT_07,2026-03-28
D0063,2024-08-21,11,WEATHER,MEDIUM,HUB_31,2024-09-01
D0064,2024-01-16,7,CUSTOMS_DELAY,MEDIUM,HUB_31,2024-01-23
D0065,2025-07-16,14,PORT_CONGESTION,MEDIUM,HUB_03,2025-07-30
D0066,2025-07-15,2,CUSTOMS_DELAY,MEDIUM,HUB_12,2025-07-17
D0067,2026-05-17,2,PORT_CONGESTION,MEDIUM,HUB_37,2026-05-19
D0068,2025-03-01,12,3PL_CAPACITY,MEDIUM,HUB_29,2025-03-13
D0069,2025-04-02,10,CUSTOMS_DELAY,MEDIUM,HUB_23,2025-04-12
D0070,2024-03-25,8,WEATHER,MEDIUM,HUB_01,2024-04-02
D0071,2026-03-22,17,PORT_CONGESTION,MEDIUM,PORT_07,2026-04-08
D0072,2026-01-20,12,CUSTOMS_DELAY,MEDIUM,HUB_34,2026-02-01
D0073,2024-03-05,10,3PL_CAPACITY,MEDIUM,HUB_08,2024-03-15
D0074,2025-10-14,15,CUSTOMS_DELAY,MEDIUM,PORT_06,2025-10-29
D0075,2025-08-25,2,3PL_CAPACITY,MEDIUM,PORT_05,2025-08-27
D0076,2025-05-30,12,PORT_CONGESTION,MEDIUM,PORT_05,2025-06-11
D0077,2026-02-15,15,3PL_CAPACITY,HIGH,PORT_28,2026-03-02
D0078,2026-02-21,14,WEATHER,HIGH,HUB_32,2026-03-07
D0079,2025-12-14,3,PORT_CONGESTION,HIGH,HUB_13,2025-12-17
D0080,2025-01-01,10,HUB_CONGESTION,HIGH,PORT_22,2025-01-11
D0081,2025-04-08,17,WEATHER,HIGH,PORT_11,2025-04-25
D0082,2024-10-18,8,PORT_CONGESTION,HIGH,HUB_38,2024-10-26
D0083,2024-02-29,16,HUB_CONGESTION,HIGH,PORT_03,2024-03-16
D0084,2026-03-20,15,HUB_CONGESTION,HIGH,PORT_12,2026-04-04
D0085,2026-06-04,14,HUB_CONGESTION,HIGH,HUB_23,2026-06-18
D0086,2024-02-10,14,HUB_CONGESTION,HIGH,PORT_23,2024-02-24
D0087,2025-11-27,5,PORT_CONGESTION,HIGH,PORT_26,2025-12-02
D0088,2024-07-14,15,CUSTOMS_DELAY,HIGH,PORT_18,2024-07-29
D0089,2025-05-19,8,WEATHER,HIGH,HUB_05,2025-05-27
D0090,2026-05-23,4,WEATHER,HIGH,HUB_18,2026-05-27
D0091,2026-06-12,2,HUB_CONGESTION,HIGH,HUB_01,2026-06-14
D0092,2026-01-31,5,HUB_CONGESTION,HIGH,PORT_03,2026-02-05
D0093,2025-03-12,3,WEATHER,CRITICAL,PORT_23,2025-03-15
D0094,2024-01-26,15,PORT_CONGESTION,CRITICAL,HUB_30,2024-02-10
D0095,2025-02-09,3,CUSTOMS_DELAY,CRITICAL,HUB_32,2025-02-12
D0096,2025-06-17,3,WEATHER,CRITICAL,PORT_14,2025-06-20
D0097,2024-04-15,4,CUSTOMS_DELAY,CRITICAL,HUB_25,2024-04-19
D0098,2026-06-10,14,CUSTOMS_DELAY,CRITICAL,HUB_20,2026-06-24
D0099,2025-03-26,15,HUB_CONGESTION,CRITICAL,HUB_26,2025-04-10
D0100,2026-06-03,10,3PL_CAPACITY,CRITICAL,HUB_26,2026-06-13
