product_id,weight,material_handling,category,unit_cost,supplier_id
P00001,7.49,STANDARD,Automotive,9.78,S0007
P00002,2.92,STANDARD,Industrial,50.89,S0073
P00003,10.23,STANDARD,Consumer,53.38,S0066
P00004,11.69,STANDARD,Industrial,30.26,S0042
P00005,1.54,STANDARD,Healthcare,64.86,S0054
P00006,2.43,HIGH_VALUE,Industrial,48.75,S0064
P00007,6.62,STANDARD,Healthcare,38.26,S0055
P00008,4.85,STANDARD,Healthcare,13.57,S0137
P00009,5.98,HAZARDOUS_RESTRICTED,Electronics,75.6,S0080
P00010,3.33,STANDARD,Apparel,34.76,S0076
P00011,11.2,STANDARD,Automotive,19.09,S0040
P00012,10.43,HIGH_VALUE,Food,15.89,S0138
P00013,6.34,STANDARD,Industrial,28.99,S0004
P00014,13.32,STANDARD,Consumer,8.28,S0083
P00015,8.39,STANDARD,Industrial,38.66,S0026
P00016,3.32,HIGH_VALUE,Automotive,13.2,S0116
P00017,7.83,STANDARD,Automotive,31.21,S0057
P00018,3.09,STANDARD,Automotive,17.48,S0045
P00019,11.19,STANDARD,Consumer,20.66,S0009
P00020,5.84,STANDARD,Apparel,15.0,S0119
P00021,5.32,HIGH_VALUE,Healthcare,22.09,S0060
P00022,3.76,STANDARD,Apparel,83.77,S0040
P00023,14.24,HIGH_VALUE,Industrial,60.36,S0127
P00024,5.43,STANDARD,Healthcare,30.89,S0003
P00025,4.48,STANDARD,Healthcare,24.13,S0071
P00026,4.73,HIGH_VALUE,Food,42.47,S0025
P00027,8.78,STANDARD,Electronics,51.14,S0020
P00028,7.81,STANDARD,Healthcare,14.31,S0004
P00029,8.08,HIGH_VALUE,Healthcare,23.33,S0029
P00030,8.18,STANDARD,Apparel,7.51,S0143
P00031,27.09,STANDARD,Automotive,50.91,S0067
P00032,4.55,HIGH_VALUE,Food,93.9,S0150
P00033,4.23,STANDARD,Apparel,25.84,S0041
P00034,3.42,STANDARD,Consumer,6.16,S0115
P00035,9.31,STANDARD,Apparel,36.44,S0014
P00036,13.33,STANDARD,Industrial,13.63,S0017
P00037,5.59,STANDARD,Automotive,15.94,S0003
P00038,3.36,FRAGILE,Consumer,36.87,S0135
P00039,3.4,STANDARD,Industrial,28.95,S0101
P00040,9.54,FRAGILE,Electronics,17.86,S0112
P00041,10.18,STANDARD,Electronics,16.08,S0140
P00042,8.85,STANDARD,Apparel,26.62,S0050
P00043,3.8,STANDARD,Consumer,18.8,S0109
P00044,7.12,FRAGILE,Industrial,11.93,S0076
P00045,6.56,STANDARD,Apparel,19.76,S0082
P00046,7.05,STANDARD,Consumer,30.59,S0100
P00047,11.13,HIGH_VALUE,Apparel,21.85,S0071
P00048,7.07,FRAGILE,Food,9.79,S0004
P00049,9.73,STANDARD,Food,46.66,S0012
P00050,6.34,HIGH_VALUE,Industrial,4.14,S0076
P00051,7.41,STANDARD,Apparel,18.35,S0086
P00052,9.41,STANDARD,Healthcare,16.39,S0110
P00053,2.18,STANDARD,Healthcare,27.01,S0086
P00054,4.84,STANDARD,Consumer,35.34,S0029
P00055,4.35,STANDARD,Consumer,51.03,S0056
P00056,3.87,TEMPERATURE_CONTROLLED,Healthcare,15.44,S0067
P00057,4.99,STANDARD,Food,35.92,S0148
P00058,17.23,TEMPERATURE_CONTROLLED,Industrial,27.86,S0080
P00059,3.3,HIGH_VALUE,Electronics,8.06,S0096
P00060,11.91,FRAGILE,Electronics,84.38,S0111
P00061,1.86,FRAGILE,Apparel,9.63,S0055
P00062,4.79,FRAGILE,Healthcare,32.22,S0145
P00063,6.78,HIGH_VALUE,Automotive,31.61,S0102
P00064,9.12,STANDARD,Consumer,29.35,S0128
P00065,9.95,STANDARD,Automotive,17.79,S0113
P00066,10.54,STANDARD,Consumer,42.0,S0094
P00067,4.74,STANDARD,Electronics,8.9,S0005
P00068,4.38,STANDARD,Industrial,23.5,S0088
P00069,11.03,FRAGILE,Food,17.0,S0020
P00070,5.29,STANDARD,Automotive,15.8,S0091
P00071,2.48,HIGH_VALUE,Industrial,32.42,S0106
P00072,2.74,STANDARD,Healthcare,49.42,S0082
P00073,3.18,STANDARD,Healthcare,19.63,S0047
P00074,8.57,STANDARD,Industrial,40.75,S0009
P00075,6.68,STANDARD,Healthcare,25.34,S0101
P00076,9.81,STANDARD,Apparel,13.73,S0105
P00077,4.49,STANDARD,Electronics,20.75,S0072
P00078,6.76,STANDARD,Healthcare,20.19,S0108
P00079,9.37,STANDARD,Automotive,15.6,S0117
P00080,4.87,STANDARD,Automotive,32.41,S0077
P00081,8.33,STANDARD,Food,28.57,S0008
P00082,3.81,STANDARD,Food,8.72,S0131
P00083,4.69,STANDARD,Healthcare,8.39,S0071
P00084,4.63,STANDARD,Automotive,32.33,S0101
P00085,2.62,STANDARD,Electronics,14.44,S0137
P00086,8.51,STANDARD,Consumer,29.85,S0055
P00087,4.36,TEMPERATURE_CONTROLLED,Industrial,40.76,S0094
P00088,6.1,HIGH_VALUE,Electronics,10.74,S0003
P00089,8.47,HIGH_VALUE,Consumer,9.8,S0133
P00090,8.27,STANDARD,Industrial,72.85,S0009
P00091,9.64,STANDARD,Automotive,30.83,S0082
P00092,5.65,STANDARD,Electronics,18.68,S0053
P00093,4.5,TEMPERATURE_CONTROLLED,Apparel,13.37,S0006
P00094,5.72,TEMPERATURE_CONTROLLED,Apparel,17.61,S0070
P00095,1.86,HAZARDOUS_RESTRICTED,Consumer,11.31,S0141
P00096,2.2,HIGH_VALUE,Apparel,43.56,S0026
P00097,2.4,STANDARD,Automotive,14.81,S0044
P00098,3.01,TEMPERATURE_CONTROLLED,Industrial,49.94,S0029
P00099,8.0,TEMPERATURE_CONTROLLED,Industrial,18.91,S0019
P00100,3.21,STANDARD,Industrial,12.45,S0035
P00101,4.64,HIGH_VALUE,Industrial,18.6,S0086
P00102,15.02,STANDARD,Healthcare,4.46,S0118
P00103,4.71,HIGH_VALUE,Industrial,22.68,S0104
P00104,10.14,TEMPERATURE_CONTROLLED,Consumer,21.96,S0116
P00105,3.15,STANDARD,Industrial,41.93,S0108
P00106,5.24,FRAGILE,Consumer,7.2,S0058
P00107,3.11,STANDARD,Healthcare,52.21,S0136
P00108,4.77,TEMPERATURE_CONTROLLED,Consumer,41.82,S0026
P00109,10.89,TEMPERATURE_CONTROLLED,Automotive,55.36,S0105
P00110,1.81,FRAGILE,Food,23.71,S0017
P00111,8.2,HIGH_VALUE,Automotive,47.42,S0115
P00112,7.15,STANDARD,Healthcare,9.43,S0014
P00113,3.99,STANDARD,Consumer,39.0,S0033
P00114,2.2,STANDARD,Consumer,14.86,S0059
P00115,6.36,STANDARD,Automotive,8.39,S0105
P00116,4.18,STANDARD,Automotive,11.81,S0007
P00117,7.12,STANDARD,Automotive,24.62,S0039
P00118,6.14,STANDARD,Healthcare,14.36,S0051
P00119,18.56,STANDARD,Healthcare,31.33,S0110
P00120,5.12,HIGH_VALUE,Food,7.57,S0145
P00121,2.96,STANDARD,Consumer,6.16,S0093
P00122,6.86,HIGH_VALUE,Electronics,59.86,S0077
P00123,7.06,STANDARD,Food,44.14,S0051
P00124,15.67,STANDARD,Consumer,12.4,S0124
P00125,10.85,STANDARD,Electronics,24.48,S0017
P00126,7.77,STANDARD,Apparel,47.59,S0020
P00127,16.85,STANDARD,Consumer,32.22,S0031
P00128,2.63,STANDARD,Food,27.01,S0041
P00129,3.87,STANDARD,Automotive,49.99,S0070
P00130,3.16,STANDARD,Automotive,15.26,S0142
P00131,4.6,FRAGILE,Healthcare,25.03,S0098
P00132,2.31,STANDARD,Healthcare,24.25,S0058
P00133,9.44,HAZARDOUS_RESTRICTED,Consumer,20.55,S0032
P00134,5.18,STANDARD,Apparel,19.04,S0098
P00135,2.16,HIGH_VALUE,Food,25.72,S0038
P00136,2.97,TEMPERATURE_CONTROLLED,Apparel,25.09,S0147
P00137,7.53,HIGH_VALUE,Consumer,12.41,S0072
P00138,10.88,HAZARDOUS_RESTRICTED,Automotive,41.31,S0083
P00139,24.48,STANDARD,Healthcare,13.01,S0136
P00140,46.51,STANDARD,Apparel,21.29,S0046
P00141,8.09,STANDARD,Healthcare,20.25,S0071
P00142,3.03,HAZARDOUS_RESTRICTED,Industrial,30.96,S0080
P00143,1.36,FRAGILE,Food,6.19,S0041
P00144,7.3,STANDARD,Consumer,43.78,S0009
P00145,3.42,HIGH_VALUE,Healthcare,15.8,S0043
P00146,4.52,STANDARD,Food,54.22,S0017
P00147,3.94,FRAGILE,Food,17.98,S0102
P00148,5.48,FRAGILE,Healthcare,23.77,S0002
P00149,12.76,STANDARD,Automotive,85.11,S0048
P00150,6.75,FRAGILE,Automotive,20.49,S0133
P00151,5.41,HAZARDOUS_RESTRICTED,Consumer,54.89,S0086
P00152,2.93,STANDARD,Food,25.16,S0101
P00153,1.87,STANDARD,Automotive,32.14,S0101
P00154,4.3,STANDARD,Apparel,25.67,S0045
P00155,5.83,FRAGILE,Consumer,42.57,S0095
P00156,20.85,STANDARD,Food,15.71,S0034
P00157,6.63,HIGH_VALUE,Healthcare,12.94,S0096
P00158,12.04,HIGH_VALUE,Healthcare,16.2,S0103
P00159,4.27,STANDARD,Healthcare,26.18,S0132
P00160,2.64,STANDARD,Food,21.25,S0138
P00161,3.08,FRAGILE,Consumer,38.93,S0004
P00162,3.64,FRAGILE,Industrial,57.29,S0045
P00163,26.84,STANDARD,Electronics,13.01,S0083
P00164,3.4,STANDARD,Automotive,15.22,S0049
P00165,10.88,STANDARD,Apparel,9.65,S0093
P00166,3.22,HIGH_VALUE,Automotive,91.81,S0129
P00167,11.61,STANDARD,Automotive,29.91,S0039
P00168,7.92,HIGH_VALUE,Apparel,33.51,S0135
P00169,5.42,STANDARD,Automotive,10.27,S0133
P00170,5.88,HIGH_VALUE,Food,24.51,S0138
P00171,3.83,STANDARD,Consumer,34.16,S0012
P00172,8.27,STANDARD,Apparel,20.82,S0044
P00173,4.4,HIGH_VALUE,Apparel,49.36,S0019
P00174,2.57,HIGH_VALUE,Consumer,110.24,S0019
P00175,2.47,STANDARD,Electronics,13.26,S0008
P00176,6.83,STANDARD,Healthcare,12.62,S0066
P00177,18.27,STANDARD,Electronics,13.87,S0014
P00178,6.77,STANDARD,Automotive,69.69,S0045
P00179,5.57,STANDARD,Industrial,48.3,S0148
P00180,7.39,HIGH_VALUE,Automotive,22.46,S0133
P00181,15.09,STANDARD,Healthcare,25.12,S0141
P00182,7.05,FRAGILE,Electronics,14.43,S0006
P00183,4.54,STANDARD,Electronics,43.75,S0100
P00184,13.12,STANDARD,Automotive,19.16,S0096
P00185,8.17,FRAGILE,Electronics,20.72,S0020
P00186,17.73,STANDARD,Apparel,36.44,S0136
P00187,6.88,FRAGILE,Apparel,21.71,S0061
P00188,2.57,STANDARD,Consumer,21.06,S0147
P00189,2.32,HIGH_VALUE,Industrial,24.7,S0018
P00190,19.21,TEMPERATURE_CONTROLLED,Apparel,41.14,S0098
P00191,20.22,HIGH_VALUE,Consumer,71.54,S0020
P00192,5.34,STANDARD,Healthcare,35.89,S0143
P00193,4.63,STANDARD,Electronics,41.35,S0092
P00194,16.83,STANDARD,Automotive,21.54,S0012
P00195,2.79,STANDARD,Apparel,15.49,S0033
P00196,3.23,STANDARD,Electronics,37.53,S0054
P00197,9.49,STANDARD,Electronics,27.42,S0002
P00198,4.59,STANDARD,Healthcare,9.73,S0002
P00199,6.03,STANDARD,Automotive,19.82,S0139
P00200,5.4,STANDARD,Automotive,23.25,S0148
P00201,7.66,STANDARD,Healthcare,17.61,S0081
P00202,16.2,STANDARD,Industrial,64.27,S0136
P00203,6.45,FRAGILE,Electronics,33.51,S0099
P00204,9.49,STANDARD,Electronics,59.89,S0005
P00205,1.44,STANDARD,Electronics,29.11,S0108
P00206,5.85,STANDARD,Consumer,25.87,S0003
P00207,3.35,TEMPERATURE_CONTROLLED,Apparel,13.35,S0123
P00208,2.58,STANDARD,Automotive,24.72,S0056
P00209,3.27,FRAGILE,Electronics,24.74,S0022
P00210,4.79,HIGH_VALUE,Healthcare,10.09,S0039
P00211,11.49,STANDARD,Food,17.28,S0103
P00212,2.39,HIGH_VALUE,Industrial,19.88,S0128
P00213,6.18,TEMPERATURE_CONTROLLED,Automotive,32.1,S0086
P00214,4.31,STANDARD,Automotive,33.11,S0025
P00215,4.81,STANDARD,Healthcare,16.81,S0136
P00216,12.21,FRAGILE,Automotive,33.27,S0119
P00217,8.82,HIGH_VALUE,Automotive,21.79,S0062
P00218,15.43,STANDARD,Automotive,3.8,S0084
P00219,5.43,STANDARD,Apparel,17.9,S0145
P00220,3.72,FRAGILE,Consumer,49.47,S0057
P00221,5.17,STANDARD,Electronics,8.22,S0004
P00222,7.17,TEMPERATURE_CONTROLLED,Electronics,26.4,S0022
P00223,6.85,STANDARD,Healthcare,68.75,S0091
P00224,2.83,FRAGILE,Food,14.96,S0150
P00225,6.45,HIGH_VALUE,Electronics,24.57,S0111
P00226,7.1,FRAGILE,Electronics,10.51,S0093
P00227,35.24,FRAGILE,Consumer,70.65,S0049
P00228,22.51,TEMPERATURE_CONTROLLED,Automotive,23.24,S0066
P00229,3.33,HAZARDOUS_RESTRICTED,Industrial,25.29,S0006
P00230,4.95,HIGH_VALUE,Industrial,59.16,S0056
P00231,2.17,STANDARD,Consumer,37.71,S0094
P00232,4.0,FRAGILE,Automotive,13.89,S0136
P00233,7.55,STANDARD,Consumer,16.11,S0139
P00234,14.07,HIGH_VALUE,Industrial,33.84,S0124
P00235,3.63,FRAGILE,Automotive,16.35,S0004
P00236,3.83,STANDARD,Food,6.2,S0122
P00237,1.35,STANDARD,Healthcare,23.7,S0033
P00238,5.4,STANDARD,Healthcare,9.37,S0093
P00239,2.88,FRAGILE,Industrial,70.15,S0142
P00240,4.18,STANDARD,Consumer,27.52,S0134
P00241,3.27,STANDARD,Electronics,13.62,S0100
P00242,5.66,HIGH_VALUE,Industrial,15.58,S0045
P00243,1.77,TEMPERATURE_CONTROLLED,Consumer,7.18,S0079
P00244,2.17,STANDARD,Electronics,12.01,S0106
P00245,26.86,STANDARD,Food,47.49,S0078
P00246,2.46,HIGH_VALUE,Healthcare,104.65,S0061
P00247,2.81,FRAGILE,Healthcare,39.34,S0061
P00248,21.89,FRAGILE,Automotive,23.11,S0090
P00249,46.23,STANDARD,Consumer,18.53,S0006
P00250,2.66,STANDARD,Automotive,13.17,S0150
P00251,4.67,STANDARD,Food,93.58,S0016
P00252,7.68,FRAGILE,Food,21.7,S0148
P00253,20.29,STANDARD,Industrial,97.04,S0006
P00254,3.03,STANDARD,Consumer,60.69,S0077
P00255,5.1,FRAGILE,Healthcare,7.91,S0063
P00256,10.42,HIGH_VALUE,Food,15.91,S0087
P00257,8.2,TEMPERATURE_CONTROLLED,Industrial,15.88,S0066
P00258,4.65,STANDARD,Healthcare,23.29,S0135
P00259,5.51,STANDARD,Consumer,23.59,S0003
P00260,2.31,STANDARD,Apparel,172.01,S0148
P00261,5.12,STANDARD,Electronics,12.18,S0104
P00262,5.02,STANDARD,Automotive,28.47,S0117
P00263,7.12,STANDARD,Healthcare,36.62,S0021
P00264,4.1,FRAGILE,Consumer,24.51,S0010
P00265,8.42,HIGH_VALUE,Automotive,26.35,S0060
P00266,12.29,HIGH_VALUE,Food,12.44,S0049
P00267,6.74,STANDARD,Food,26.29,S0118
P00268,7.74,STANDARD,Consumer,34.21,S0135
P00269,6.28,STANDARD,Consumer,30.35,S0065
P00270,6.05,STANDARD,Food,35.54,S0116
P00271,3.65,STANDARD,Industrial,61.45,S0009
P00272,7.55,STANDARD,Apparel,45.11,S0112
P00273,5.65,TEMPERATURE_CONTROLLED,Apparel,25.7,S0015
P00274,26.19,STANDARD,Electronics,11.45,S0101
P00275,18.2,HIGH_VALUE,Food,16.61,S0058
P00276,7.93,STANDARD,Consumer,21.27,S0063
P00277,3.55,STANDARD,Healthcare,28.91,S0042
P00278,2.78,STANDARD,Automotive,17.98,S0061
P00279,13.93,STANDARD,Automotive,13.35,S0132
P00280,7.27,STANDARD,Food,11.33,S0122
P00281,8.47,HIGH_VALUE,Food,8.39,S0052
P00282,1.78,STANDARD,Apparel,21.06,S0045
P00283,11.58,STANDARD,Consumer,9.44,S0077
P00284,8.32,FRAGILE,Electronics,12.8,S0103
P00285,2.78,STANDARD,Food,18.99,S0028
P00286,4.35,FRAGILE,Electronics,10.29,S0109
P00287,7.28,STANDARD,Industrial,31.4,S0143
P00288,6.28,HAZARDOUS_RESTRICTED,Electronics,39.69,S0127
P00289,4.93,STANDARD,Food,17.17,S0083
P00290,5.63,STANDARD,Automotive,18.47,S0048
P00291,5.07,FRAGILE,Industrial,34.79,S0049
P00292,6.73,HIGH_VALUE,Electronics,15.42,S0112
P00293,16.95,STANDARD,Healthcare,14.75,S0069
P00294,1.0,FRAGILE,Apparel,53.4,S0016
P00295,5.13,STANDARD,Food,43.59,S0102
P00296,6.85,STANDARD,Automotive,36.27,S0021
P00297,7.44,STANDARD,Consumer,44.78,S0149
P00298,4.66,FRAGILE,Apparel,6.79,S0063
P00299,1.77,STANDARD,Food,59.15,S0052
P00300,7.61,FRAGILE,Industrial,31.65,S0009
P00301,20.27,STANDARD,Food,47.32,S0026
P00302,2.07,HIGH_VALUE,Automotive,31.55,S0143
P00303,11.07,HAZARDOUS_RESTRICTED,Food,25.33,S0081
P00304,4.81,STANDARD,Electronics,20.51,S0136
P00305,5.8,STANDARD,Electronics,31.14,S0144
P00306,2.89,STANDARD,Food,20.03,S0008
P00307,4.79,HIGH_VALUE,Consumer,43.13,S0058
P00308,15.03,STANDARD,Industrial,8.75,S0126
P00309,9.1,STANDARD,Food,17.25,S0075
P00310,20.34,STANDARD,Electronics,92.68,S0077
P00311,13.79,TEMPERATURE_CONTROLLED,Consumer,16.33,S0086
P00312,8.23,STANDARD,Industrial,21.01,S0106
P00313,20.51,STANDARD,Electronics,13.82,S0141
P00314,8.23,HIGH_VALUE,Apparel,30.52,S0134
P00315,10.8,STANDARD,Apparel,15.2,S0094
P00316,4.92,HAZARDOUS_RESTRICTED,Electronics,21.74,S0087
P00317,6.34,STANDARD,Electronics,42.6,S0055
P00318,3.71,STANDARD,Consumer,15.58,S0018
P00319,12.09,HIGH_VALUE,Electronics,40.96,S0107
P00320,2.65,FRAGILE,Apparel,41.86,S0001
P00321,10.46,FRAGILE,Food,48.7,S0105
P00322,5.29,STANDARD,Apparel,26.88,S0075
P00323,13.73,STANDARD,Industrial,201.71,S0118
P00324,10.23,STANDARD,Industrial,48.69,S0143
P00325,21.64,STANDARD,Consumer,30.3,S0083
P00326,10.09,STANDARD,Electronics,13.88,S0086
P00327,2.01,STANDARD,Automotive,23.03,S0074
P00328,5.77,STANDARD,Automotive,62.0,S0056
P00329,2.66,STANDARD,Apparel,74.53,S0014
P00330,4.21,STANDARD,Industrial,64.13,S0005
P00331,17.42,STANDARD,Apparel,40.87,S0109
P00332,9.45,HIGH_VALUE,Consumer,10.85,S0138
P00333,3.71,FRAGILE,Industrial,33.67,S0009
P00334,2.98,STANDARD,Healthcare,10.95,S0050
P00335,6.19,FRAGILE,Electronics,9.33,S0092
P00336,2.58,HAZARDOUS_RESTRICTED,Automotive,28.66,S0106
P00337,3.78,STANDARD,Industrial,34.47,S0111
P00338,7.53,STANDARD,Electronics,44.13,S0105
P00339,13.58,STANDARD,Automotive,33.89,S0013
P00340,9.26,STANDARD,Automotive,34.66,S0039
P00341,1.22,TEMPERATURE_CONTROLLED,Electronics,12.94,S0071
P00342,7.49,HIGH_VALUE,Industrial,22.91,S0010
P00343,6.36,STANDARD,Electronics,9.21,S0052
P00344,8.08,TEMPERATURE_CONTROLLED,Consumer,6.67,S0058
P00345,18.75,STANDARD,Healthcare,39.7,S0147
P00346,1.43,FRAGILE,Electronics,15.04,S0048
P00347,4.0,TEMPERATURE_CONTROLLED,Industrial,43.26,S0146
P00348,9.15,STANDARD,Food,50.42,S0106
P00349,2.0,STANDARD,Industrial,16.4,S0104
P00350,17.0,FRAGILE,Consumer,36.01,S0123
P00351,7.83,HIGH_VALUE,Automotive,15.96,S0127
P00352,10.94,STANDARD,Industrial,7.39,S0034
P00353,4.06,STANDARD,Healthcare,26.58,S0064
P00354,10.69,STANDARD,Electronics,18.06,S0080
P00355,12.78,FRAGILE,Apparel,18.43,S0147
P00356,7.12,FRAGILE,Healthcare,88.59,S0007
P00357,7.13,TEMPERATURE_CONTROLLED,Automotive,9.1,S0072
P00358,7.31,TEMPERATURE_CONTROLLED,Industrial,31.46,S0033
P00359,3.31,HIGH_VALUE,Apparel,12.85,S0032
P00360,5.46,TEMPERATURE_CONTROLLED,Industrial,44.27,S0115
P00361,5.44,STANDARD,Automotive,29.78,S0031
P00362,7.91,FRAGILE,Food,31.39,S0120
P00363,12.18,STANDARD,Consumer,13.27,S0150
P00364,2.88,STANDARD,Consumer,14.92,S0117
P00365,5.54,HIGH_VALUE,Food,44.82,S0026
P00366,17.06,FRAGILE,Industrial,77.56,S0022
P00367,3.59,HIGH_VALUE,Food,33.52,S0066
P00368,3.4,STANDARD,Automotive,13.69,S0083
P00369,6.97,STANDARD,Healthcare,30.58,S0117
P00370,10.93,STANDARD,Industrial,118.85,S0064
P00371,6.1,STANDARD,Apparel,26.22,S0026
P00372,15.34,STANDARD,Food,63.45,S0149
P00373,11.02,STANDARD,Consumer,15.16,S0136
P00374,10.91,STANDARD,Electronics,23.87,S0099
P00375,8.92,HIGH_VALUE,Automotive,36.7,S0105
P00376,30.86,STANDARD,Apparel,31.76,S0141
P00377,5.24,STANDARD,Healthcare,14.91,S0072
P00378,1.49,TEMPERATURE_CONTROLLED,Apparel,14.5,S0022
P00379,18.6,STANDARD,Consumer,46.64,S0091
P00380,4.39,HIGH_VALUE,Electronics,53.22,S0068
P00381,6.52,FRAGILE,Automotive,65.56,S0120
P00382,15.13,STANDARD,Industrial,79.25,S0116
P00383,1.97,FRAGILE,Automotive,26.78,S0071
P00384,2.52,FRAGILE,Healthcare,20.04,S0056
P00385,1.97,TEMPERATURE_CONTROLLED,Apparel,59.04,S0064
P00386,3.47,HAZARDOUS_RESTRICTED,Food,39.0,S0095
P00387,8.23,FRAGILE,Automotive,12.95,S0096
P00388,8.73,FRAGILE,Automotive,12.53,S0077
P00389,7.34,STANDARD,Consumer,33.78,S0080
P00390,2.25,FRAGILE,Consumer,21.86,S0149
P00391,1.2,HIGH_VALUE,Consumer,24.11,S0039
P00392,6.28,FRAGILE,Apparel,49.26,S0027
P00393,4.35,FRAGILE,Food,40.18,S0120
P00394,8.34,STANDARD,Apparel,58.23,S0141
P00395,9.89,TEMPERATURE_CONTROLLED,Electronics,6.99,S0092
P00396,6.66,HIGH_VALUE,Automotive,28.93,S0061
P00397,10.3,STANDARD,Automotive,38.53,S0053
P00398,7.1,STANDARD,Automotive,9.09,S0071
P00399,8.77,STANDARD,Automotive,16.03,S0008
P00400,3.69,STANDARD,Apparel,14.21,S0080
P00401,5.33,FRAGILE,Healthcare,24.88,S0041
P00402,6.94,STANDARD,Industrial,70.68,S0040
P00403,10.74,STANDARD,Automotive,91.35,S0085
P00404,4.59,FRAGILE,Apparel,14.45,S0145
P00405,8.71,FRAGILE,Healthcare,34.54,S0031
P00406,5.02,FRAGILE,Electronics,35.28,S0137
P00407,5.57,FRAGILE,Food,31.56,S0078
P00408,10.81,FRAGILE,Industrial,31.8,S0146
P00409,1.5,TEMPERATURE_CONTROLLED,Consumer,29.89,S0058
P00410,2.44,FRAGILE,Apparel,73.47,S0150
P00411,2.14,STANDARD,Industrial,50.23,S0099
P00412,1.18,FRAGILE,Healthcare,12.32,S0101
P00413,3.76,STANDARD,Industrial,41.15,S0085
P00414,10.22,STANDARD,Industrial,43.82,S0068
P00415,4.96,STANDARD,Industrial,30.11,S0079
P00416,6.95,HIGH_VALUE,Industrial,51.18,S0128
P00417,12.97,FRAGILE,Automotive,27.72,S0119
P00418,15.32,STANDARD,Automotive,27.95,S0004
P00419,5.76,FRAGILE,Electronics,26.54,S0105
P00420,15.6,STANDARD,Apparel,6.61,S0126
P00421,6.45,TEMPERATURE_CONTROLLED,Consumer,23.28,S0112
P00422,3.37,HAZARDOUS_RESTRICTED,Electronics,15.89,S0075
P00423,3.99,FRAGILE,Apparel,11.35,S0051
P00424,2.15,FRAGILE,Electronics,62.31,S0101
P00425,3.25,STANDARD,Automotive,34.05,S0100
P00426,4.71,STANDARD,Automotive,24.06,S0057
P00427,10.62,HIGH_VALUE,Automotive,16.99,S0061
P00428,20.18,FRAGILE,Food,29.74,S0056
P00429,2.3,STANDARD,Food,46.73,S0007
P00430,7.96,STANDARD,Industrial,14.33,S0005
P00431,2.92,STANDARD,Consumer,24.46,S0013
P00432,8.43,STANDARD,Food,43.13,S0064
P00433,5.52,STANDARD,Apparel,6.97,S0077
P00434,1.68,STANDARD,Food,23.63,S0062
P00435,11.59,HIGH_VALUE,Automotive,18.56,S0144
P00436,3.96,STANDARD,Industrial,22.49,S0034
P00437,4.16,STANDARD,Automotive,17.71,S0059
P00438,2.86,STANDARD,Apparel,26.83,S0038
P00439,3.83,STANDARD,Food,85.66,S0045
P00440,8.16,HAZARDOUS_RESTRICTED,Consumer,19.87,S0088
P00441,5.3,STANDARD,Consumer,29.65,S0047
P00442,7.61,TEMPERATURE_CONTROLLED,Automotive,89.71,S0048
P00443,7.79,TEMPERATURE_CONTROLLED,Healthcare,17.16,S0101
P00444,15.25,STANDARD,Healthcare,79.8,S0125
P00445,4.76,FRAGILE,Automotive,24.62,S0032
P00446,2.15,HIGH_VALUE,Apparel,78.12,S0017
P00447,12.77,STANDARD,Automotive,39.95,S0036
P00448,4.8,STANDARD,Apparel,29.95,S0087
P00449,13.2,HIGH_VALUE,Electronics,23.51,S0144
P00450,7.91,HIGH_VALUE,Apparel,16.35,S0025
P00451,5.52,STANDARD,Automotive,25.77,S0007
P00452,7.72,FRAGILE,Food,43.96,S0080
P00453,23.71,STANDARD,Automotive,24.32,S0149
P00454,25.89,HAZARDOUS_RESTRICTED,Automotive,19.97,S0083
P00455,6.35,STANDARD,Electronics,20.84,S0139
P00456,6.77,STANDARD,Apparel,46.76,S0097
P00457,12.85,FRAGILE,Consumer,54.4,S0005
P00458,3.35,HIGH_VALUE,Food,15.9,S0065
P00459,7.64,HAZARDOUS_RESTRICTED,Electronics,15.89,S0116
P00460,5.94,STANDARD,Industrial,31.39,S0077
P00461,7.54,STANDARD,Food,66.21,S0030
P00462,3.38,HIGH_VALUE,Electronics,51.67,S0028
P00463,1.99,HIGH_VALUE,Automotive,10.87,S0100
P00464,1.42,STANDARD,Healthcare,20.66,S0070
P00465,2.77,FRAGILE,Food,13.4,S0087
P00466,4.39,STANDARD,Apparel,20.62,S0056
P00467,4.93,STANDARD,Food,69.61,S0051
P00468,23.48,STANDARD,Healthcare,9.73,S0100
P00469,13.12,STANDARD,Consumer,8.57,S0002
P00470,3.08,STANDARD,Consumer,14.32,S0066
P00471,7.72,HAZARDOUS_RESTRICTED,Food,29.57,S0056
P00472,4.55,STANDARD,Electronics,36.73,S0117
P00473,4.96,STANDARD,Food,32.6,S0110
P00474,6.89,STANDARD,Healthcare,52.68,S0064
P00475,9.33,STANDARD,Electronics,7.8,S0040
P00476,4.77,STANDARD,Consumer,53.11,S0036
P00477,12.74,FRAGILE,Apparel,20.03,S0032
P00478,2.72,STANDARD,Electronics,39.47,S0042
P00479,6.08,FRAGILE,Electronics,10.38,S0115
P00480,37.28,HIGH_VALUE,Food,24.61,S0007
P00481,7.07,STANDARD,Food,28.6,S0004
P00482,16.5,HIGH_VALUE,Industrial,52.0,S0081
P00483,6.45,HIGH_VALUE,Food,8.75,S0034
P00484,9.08,HAZARDOUS_RESTRICTED,Food,25.03,S0125
P00485,5.81,FRAGILE,Food,12.12,S0113
P00486,5.37,FRAGILE,Industrial,34.08,S0116
P00487,3.51,FRAGILE,Consumer,40.66,S0069
P00488,8.18,FRAGILE,Food,56.64,S0066
P00489,3.33,STANDARD,Food,17.33,S0064
P00490,9.64,HIGH_VALUE,Consumer,44.82,S0030
P00491,12.93,FRAGILE,Industrial,59.42,S0086
P00492,7.82,TEMPERATURE_CONTROLLED,Electronics,8.43,S0130
P00493,4.95,STANDARD,Industrial,36.53,S0039
P00494,8.31,STANDARD,Electronics,45.74,S0009
P00495,4.87,STANDARD,Industrial,20.74,S0085
P00496,11.65,STANDARD,Electronics,11.17,S0060
P00497,1.68,STANDARD,Apparel,45.28,S0120
P00498,4.78,STANDARD,Consumer,11.25,S0129
P00499,1.5,STANDARD,Automotive,21.85,S0143
P00500,2.12,STANDARD,Apparel,23.9,S0059
P00501,15.72,STANDARD,Healthcare,39.06,S0136
P00502,11.32,HIGH_VALUE,Healthcare,16.32,S0018
P00503,3.66,STANDARD,Industrial,15.72,S0056
P00504,2.11,STANDARD,Automotive,26.16,S0040
P00505,0.76,STANDARD,Industrial,47.19,S0139
P00506,4.14,STANDARD,Consumer,108.51,S0091
P00507,32.93,STANDARD,Food,9.21,S0055
P00508,8.2,FRAGILE,Automotive,30.11,S0023
P00509,4.09,HIGH_VALUE,Healthcare,12.11,S0118
P00510,8.38,STANDARD,Consumer,47.57,S0099
P00511,2.03,FRAGILE,Apparel,13.33,S0128
P00512,4.91,STANDARD,Automotive,15.82,S0066
P00513,6.49,STANDARD,Industrial,16.73,S0023
P00514,5.7,STANDARD,Consumer,23.35,S0051
P00515,10.52,STANDARD,Industrial,30.27,S0094
P00516,7.7,FRAGILE,Food,33.6,S0037
P00517,9.66,FRAGILE,Healthcare,24.44,S0011
P00518,3.74,TEMPERATURE_CONTROLLED,Healthcare,10.34,S0124
P00519,11.34,STANDARD,Apparel,39.37,S0080
P00520,18.92,FRAGILE,Electronics,23.7,S0060
P00521,3.07,STANDARD,Industrial,52.2,S0083
P00522,3.25,STANDARD,Electronics,15.49,S0111
P00523,15.41,STANDARD,Healthcare,8.66,S0001
P00524,5.29,FRAGILE,Automotive,24.0,S0067
P00525,16.16,HIGH_VALUE,Industrial,56.96,S0039
P00526,4.44,STANDARD,Healthcare,27.24,S0014
P00527,16.75,FRAGILE,Apparel,21.55,S0006
P00528,6.63,TEMPERATURE_CONTROLLED,Food,13.93,S0067
P00529,7.25,HAZARDOUS_RESTRICTED,Electronics,76.9,S0082
P00530,18.09,STANDARD,Consumer,12.56,S0077
P00531,4.7,FRAGILE,Electronics,15.31,S0118
P00532,3.13,FRAGILE,Automotive,35.54,S0069
P00533,4.42,HIGH_VALUE,Food,7.34,S0089
P00534,8.3,STANDARD,Apparel,56.18,S0123
P00535,2.02,HIGH_VALUE,Industrial,36.81,S0099
P00536,9.45,STANDARD,Industrial,44.01,S0137
P00537,4.15,HAZARDOUS_RESTRICTED,Apparel,35.26,S0034
P00538,13.51,STANDARD,Apparel,22.09,S0119
P00539,1.13,STANDARD,Industrial,12.29,S0105
P00540,3.49,STANDARD,Electronics,22.4,S0088
P00541,1.86,STANDARD,Automotive,13.01,S0001
P00542,3.39,STANDARD,Consumer,33.65,S0082
P00543,7.19,STANDARD,Automotive,41.45,S0129
P00544,5.34,STANDARD,Food,64.07,S0097
P00545,5.07,STANDARD,Apparel,31.24,S0001
P00546,5.41,TEMPERATURE_CONTROLLED,Apparel,44.74,S0044
P00547,6.98,HIGH_VALUE,Electronics,20.22,S0086
P00548,2.99,FRAGILE,Apparel,17.98,S0122
P00549,9.92,STANDARD,Apparel,33.38,S0067
P00550,9.62,STANDARD,Healthcare,19.08,S0129
P00551,7.92,HIGH_VALUE,Consumer,29.22,S0120
P00552,8.93,STANDARD,Apparel,12.31,S0041
P00553,7.44,STANDARD,Food,13.83,S0030
P00554,25.14,HIGH_VALUE,Automotive,37.08,S0136
P00555,5.69,HIGH_VALUE,Electronics,43.66,S0089
P00556,4.88,STANDARD,Consumer,12.93,S0128
P00557,3.57,FRAGILE,Consumer,37.94,S0139
P00558,2.94,STANDARD,Electronics,17.35,S0064
P00559,2.53,TEMPERATURE_CONTROLLED,Apparel,24.8,S0007
P00560,3.25,STANDARD,Industrial,61.62,S0137
P00561,5.76,STANDARD,Food,41.47,S0088
P00562,7.64,FRAGILE,Automotive,41.15,S0019
P00563,6.27,STANDARD,Healthcare,84.84,S0080
P00564,3.54,FRAGILE,Electronics,15.53,S0005
P00565,11.36,STANDARD,Electronics,12.93,S0044
P00566,10.15,HIGH_VALUE,Apparel,15.34,S0053
P00567,5.41,HAZARDOUS_RESTRICTED,Healthcare,20.79,S0069
P00568,3.83,STANDARD,Apparel,5.31,S0085
P00569,8.88,TEMPERATURE_CONTROLLED,Industrial,21.44,S0126
P00570,6.9,STANDARD,Food,17.22,S0053
P00571,2.2,STANDARD,Food,40.83,S0111
P00572,5.77,STANDARD,Electronics,30.85,S0142
P00573,7.27,HIGH_VALUE,Consumer,16.6,S0113
P00574,3.22,HAZARDOUS_RESTRICTED,Food,36.0,S0039
P00575,6.91,HIGH_VALUE,Healthcare,39.26,S0102
P00576,2.19,HIGH_VALUE,Electronics,14.89,S0043
P00577,15.41,HIGH_VALUE,Food,17.81,S0072
P00578,14.49,STANDARD,Automotive,5.77,S0096
P00579,5.07,HIGH_VALUE,Electronics,12.07,S0044
P00580,7.8,FRAGILE,Apparel,15.14,S0001
P00581,1.12,STANDARD,Consumer,25.74,S0126
P00582,2.69,FRAGILE,Electronics,13.27,S0110
P00583,4.93,STANDARD,Industrial,17.57,S0019
P00584,2.86,STANDARD,Electronics,11.06,S0057
P00585,9.97,STANDARD,Food,27.42,S0040
P00586,24.49,STANDARD,Electronics,32.35,S0147
P00587,2.65,STANDARD,Apparel,31.87,S0142
P00588,3.37,HIGH_VALUE,Automotive,24.73,S0104
P00589,7.13,FRAGILE,Consumer,9.01,S0067
P00590,18.69,STANDARD,Apparel,16.4,S0008
P00591,2.57,STANDARD,Food,18.83,S0038
P00592,7.2,STANDARD,Electronics,18.88,S0014
P00593,21.65,STANDARD,Electronics,25.76,S0119
P00594,1.9,HAZARDOUS_RESTRICTED,Electronics,61.97,S0014
P00595,2.47,STANDARD,Consumer,41.59,S0102
P00596,4.5,FRAGILE,Automotive,12.91,S0143
P00597,4.2,TEMPERATURE_CONTROLLED,Electronics,38.13,S0047
P00598,10.68,FRAGILE,Industrial,37.2,S0103
P00599,7.16,HIGH_VALUE,Automotive,14.53,S0132
P00600,1.75,STANDARD,Apparel,42.6,S0065
P00601,8.68,HIGH_VALUE,Healthcare,22.1,S0068
P00602,4.04,FRAGILE,Food,9.81,S0031
P00603,14.76,TEMPERATURE_CONTROLLED,Food,32.98,S0065
P00604,3.9,FRAGILE,Apparel,28.25,S0132
P00605,3.87,HAZARDOUS_RESTRICTED,Automotive,21.16,S0100
P00606,8.84,HIGH_VALUE,Food,23.94,S0031
P00607,10.32,STANDARD,Apparel,15.37,S0079
P00608,8.28,HAZARDOUS_RESTRICTED,Automotive,36.47,S0107
P00609,1.86,TEMPERATURE_CONTROLLED,Automotive,23.85,S0012
P00610,8.82,STANDARD,Apparel,27.34,S0115
P00611,2.93,HIGH_VALUE,Automotive,30.94,S0031
P00612,7.13,STANDARD,Industrial,11.58,S0045
P00613,2.23,FRAGILE,Food,13.72,S0063
P00614,8.27,STANDARD,Electronics,5.83,S0076
P00615,3.44,STANDARD,Consumer,35.41,S0138
P00616,2.46,HAZARDOUS_RESTRICTED,Consumer,11.16,S0034
P00617,9.97,STANDARD,Consumer,26.74,S0039
P00618,7.16,STANDARD,Electronics,31.22,S0057
P00619,3.94,STANDARD,Automotive,36.29,S0129
P00620,16.71,STANDARD,Food,11.22,S0145
P00621,4.44,TEMPERATURE_CONTROLLED,Industrial,23.52,S0069
P00622,6.19,HIGH_VALUE,Consumer,72.65,S0104
P00623,7.3,STANDARD,Food,74.76,S0138
P00624,3.92,FRAGILE,Food,46.61,S0127
P00625,8.41,STANDARD,Automotive,30.55,S0103
P00626,4.16,FRAGILE,Healthcare,12.76,S0082
P00627,4.54,STANDARD,Consumer,39.14,S0148
P00628,15.7,STANDARD,Automotive,22.14,S0036
P00629,2.92,STANDARD,Consumer,35.32,S0055
P00630,1.12,FRAGILE,Apparel,16.26,S0107
P00631,18.68,STANDARD,Consumer,21.92,S0004
P00632,36.04,STANDARD,Industrial,27.29,S0076
P00633,4.56,HAZARDOUS_RESTRICTED,Apparel,28.79,S0129
P00634,1.56,TEMPERATURE_CONTROLLED,Automotive,33.82,S0027
P00635,4.87,STANDARD,Food,16.84,S0121
P00636,4.95,TEMPERATURE_CONTROLLED,Consumer,10.25,S0062
P00637,5.3,HIGH_VALUE,Food,70.54,S0130
P00638,2.77,STANDARD,Food,123.72,S0096
P00639,9.08,FRAGILE,Food,32.81,S0024
P00640,8.73,STANDARD,Apparel,10.38,S0111
P00641,2.13,TEMPERATURE_CONTROLLED,Consumer,14.84,S0009
P00642,9.87,STANDARD,Electronics,34.16,S0037
P00643,25.45,FRAGILE,Healthcare,58.66,S0134
P00644,6.82,STANDARD,Automotive,11.15,S0132
P00645,4.78,STANDARD,Apparel,22.63,S0007
P00646,5.48,HIGH_VALUE,Consumer,27.86,S0057
P00647,9.31,STANDARD,Automotive,43.03,S0015
P00648,1.8,HIGH_VALUE,Industrial,19.62,S0041
P00649,6.79,HIGH_VALUE,Apparel,8.88,S0146
P00650,4.6,HIGH_VALUE,Automotive,36.74,S0030
P00651,22.05,STANDARD,Electronics,50.96,S0097
P00652,5.36,HAZARDOUS_RESTRICTED,Industrial,23.25,S0121
P00653,19.44,STANDARD,Food,31.93,S0133
P00654,2.79,STANDARD,Electronics,18.02,S0054
P00655,9.13,HIGH_VALUE,Healthcare,14.16,S0105
P00656,7.57,FRAGILE,Automotive,47.81,S0073
P00657,3.29,STANDARD,Electronics,31.56,S0017
P00658,6.85,STANDARD,Industrial,33.74,S0034
P00659,14.14,HAZARDOUS_RESTRICTED,Food,65.13,S0113
P00660,4.82,FRAGILE,Consumer,12.36,S0103
P00661,1.85,STANDARD,Industrial,17.14,S0079
P00662,5.98,HIGH_VALUE,Industrial,27.18,S0118
P00663,3.22,STANDARD,Healthcare,17.0,S0104
P00664,4.76,STANDARD,Apparel,40.81,S0051
P00665,5.71,FRAGILE,Apparel,21.72,S0045
P00666,1.83,HIGH_VALUE,Industrial,12.87,S0142
P00667,1.95,STANDARD,Apparel,25.6,S0146
P00668,8.48,STANDARD,Food,27.4,S0005
P00669,4.2,STANDARD,Industrial,45.04,S0119
P00670,1.0,HIGH_VALUE,Electronics,31.68,S0020
P00671,10.48,STANDARD,Food,33.11,S0130
P00672,7.32,STANDARD,Automotive,30.21,S0089
P00673,3.67,HIGH_VALUE,Apparel,21.71,S0104
P00674,2.41,STANDARD,Healthcare,15.4,S0106
P00675,10.86,FRAGILE,Healthcare,29.6,S0091
P00676,7.73,STANDARD,Industrial,19.76,S0038
P00677,32.07,TEMPERATURE_CONTROLLED,Industrial,73.58,S0122
P00678,8.12,STANDARD,Automotive,58.7,S0084
P00679,7.94,STANDARD,Electronics,37.02,S0082
P00680,5.38,STANDARD,Apparel,31.37,S0048
P00681,10.72,TEMPERATURE_CONTROLLED,Automotive,23.17,S0002
P00682,9.37,TEMPERATURE_CONTROLLED,Food,10.81,S0084
P00683,14.53,STANDARD,Automotive,21.32,S0052
P00684,4.2,STANDARD,Healthcare,26.2,S0099
P00685,4.46,HIGH_VALUE,Automotive,28.48,S0055
P00686,4.33,STANDARD,Industrial,33.29,S0146
P00687,10.52,STANDARD,Apparel,44.65,S0103
P00688,17.27,FRAGILE,Apparel,15.64,S0069
P00689,4.39,STANDARD,Industrial,15.74,S0107
P00690,4.49,STANDARD,Consumer,63.0,S0098
P00691,7.54,STANDARD,Automotive,40.49,S0094
P00692,5.09,STANDARD,Industrial,19.03,S0087
P00693,11.78,STANDARD,Electronics,22.88,S0140
P00694,1.25,FRAGILE,Apparel,22.95,S0048
P00695,3.39,FRAGILE,Industrial,25.04,S0065
P00696,3.5,STANDARD,Automotive,33.36,S0038
P00697,1.19,HAZARDOUS_RESTRICTED,Industrial,127.45,S0086
P00698,3.08,STANDARD,Consumer,27.75,S0149
P00699,3.19,TEMPERATURE_CONTROLLED,Electronics,37.74,S0092
P00700,5.26,STANDARD,Healthcare,8.2,S0032
P00701,13.18,TEMPERATURE_CONTROLLED,Automotive,17.9,S0139
P00702,5.1,STANDARD,Automotive,54.53,S0119
P00703,2.94,STANDARD,Consumer,31.86,S0067
P00704,5.81,STANDARD,Industrial,1.41,S0022
P00705,12.61,STANDARD,Automotive,38.02,S0061
P00706,3.06,STANDARD,Apparel,85.35,S0121
P00707,3.2,FRAGILE,Healthcare,6.7,S0087
P00708,8.94,HAZARDOUS_RESTRICTED,Industrial,65.86,S0028
P00709,5.18,STANDARD,Apparel,4.05,S0024
P00710,9.52,HIGH_VALUE,Apparel,45.14,S0146
P00711,5.99,TEMPERATURE_CONTROLLED,Consumer,24.4,S0068
P00712,9.89,HIGH_VALUE,Apparel,5.33,S0103
P00713,2.93,FRAGILE,Apparel,32.79,S0055
P00714,6.0,FRAGILE,Apparel,51.83,S0014
P00715,5.22,STANDARD,Automotive,31.08,S0062
P00716,2.58,FRAGILE,Electronics,35.88,S0104
P00717,2.02,HIGH_VALUE,Consumer,18.77,S0051
P00718,9.78,STANDARD,Industrial,7.32,S0091
P00719,4.73,STANDARD,Apparel,38.46,S0066
P00720,2.96,STANDARD,Automotive,76.5,S0051
P00721,5.66,HIGH_VALUE,Food,51.12,S0039
P00722,13.32,STANDARD,Consumer,6.74,S0040
P00723,1.23,FRAGILE,Automotive,9.16,S0039
P00724,2.12,HAZARDOUS_RESTRICTED,Food,14.16,S0108
P00725,3.17,HIGH_VALUE,Automotive,8.71,S0051
P00726,16.82,STANDARD,Healthcare,25.25,S0112
P00727,7.37,TEMPERATURE_CONTROLLED,Healthcare,31.68,S0047
P00728,10.35,HIGH_VALUE,Food,9.68,S0050
P00729,2.72,STANDARD,Apparel,40.66,S0139
P00730,2.76,TEMPERATURE_CONTROLLED,Industrial,36.26,S0132
P00731,8.28,STANDARD,Automotive,17.18,S0061
P00732,6.3,FRAGILE,Healthcare,21.93,S0041
P00733,8.88,STANDARD,Consumer,6.91,S0108
P00734,5.3,STANDARD,Electronics,19.77,S0011
P00735,7.35,STANDARD,Consumer,24.65,S0069
P00736,6.76,STANDARD,Apparel,27.38,S0090
P00737,10.43,STANDARD,Industrial,31.38,S0102
P00738,10.64,FRAGILE,Industrial,28.75,S0017
P00739,1.95,STANDARD,Consumer,20.66,S0001
P00740,1.25,STANDARD,Industrial,29.55,S0042
P00741,12.2,FRAGILE,Food,47.06,S0018
P00742,13.89,FRAGILE,Apparel,23.06,S0077
P00743,2.96,STANDARD,Food,30.16,S0138
P00744,1.65,HIGH_VALUE,Automotive,21.74,S0043
P00745,6.48,STANDARD,Food,16.11,S0069
P00746,11.61,HAZARDOUS_RESTRICTED,Electronics,34.46,S0033
P00747,21.29,STANDARD,Healthcare,17.1,S0007
P00748,8.68,TEMPERATURE_CONTROLLED,Electronics,31.53,S0106
P00749,4.66,HIGH_VALUE,Consumer,24.99,S0039
P00750,3.24,HAZARDOUS_RESTRICTED,Automotive,20.13,S0083
P00751,6.1,FRAGILE,Healthcare,19.82,S0103
P00752,4.91,FRAGILE,Healthcare,17.63,S0126
P00753,2.97,STANDARD,Consumer,8.42,S0028
P00754,25.38,FRAGILE,Industrial,31.47,S0088
P00755,21.11,TEMPERATURE_CONTROLLED,Automotive,28.52,S0137
P00756,13.4,HIGH_VALUE,Consumer,42.62,S0073
P00757,3.18,STANDARD,Industrial,17.37,S0007
P00758,11.01,STANDARD,Industrial,84.1,S0040
P00759,9.47,FRAGILE,Healthcare,19.17,S0120
P00760,8.25,STANDARD,Consumer,13.89,S0119
P00761,14.51,STANDARD,Industrial,12.86,S0048
P00762,9.44,STANDARD,Healthcare,7.95,S0030
P00763,10.16,TEMPERATURE_CONTROLLED,Automotive,66.43,S0044
P00764,9.45,STANDARD,Industrial,59.81,S0037
P00765,7.68,STANDARD,Automotive,36.25,S0112
P00766,1.74,STANDARD,Electronics,13.7,S0127
P00767,6.41,HIGH_VALUE,Electronics,79.62,S0007
P00768,4.1,FRAGILE,Industrial,19.52,S0112
P00769,2.47,STANDARD,Healthcare,20.6,S0113
P00770,19.63,STANDARD,Electronics,62.44,S0092
P00771,20.29,FRAGILE,Food,37.65,S0131
P00772,15.67,STANDARD,Healthcare,102.59,S0006
P00773,7.23,FRAGILE,Apparel,28.84,S0105
P00774,15.57,STANDARD,Food,18.95,S0020
P00775,6.1,HIGH_VALUE,Apparel,16.48,S0135
P00776,6.97,STANDARD,Apparel,7.39,S0075
P00777,2.81,FRAGILE,Electronics,20.47,S0014
P00778,7.99,STANDARD,Healthcare,51.62,S0112
P00779,6.31,HIGH_VALUE,Apparel,36.21,S0113
P00780,2.43,HIGH_VALUE,Consumer,24.86,S0070
P00781,5.84,TEMPERATURE_CONTROLLED,Electronics,12.85,S0047
P00782,5.72,STANDARD,Automotive,28.43,S0003
P00783,21.29,STANDARD,Apparel,47.39,S0137
P00784,11.31,HAZARDOUS_RESTRICTED,Apparel,32.46,S0028
P00785,6.1,TEMPERATURE_CONTROLLED,Healthcare,27.34,S0127
P00786,7.2,STANDARD,Industrial,14.61,S0089
P00787,6.24,STANDARD,Healthcare,43.11,S0103
P00788,5.25,STANDARD,Healthcare,3.2,S0105
P00789,2.84,HAZARDOUS_RESTRICTED,Healthcare,31.46,S0129
P00790,5.44,FRAGILE,Healthcare,130.41,S0006
P00791,3.59,FRAGILE,Automotive,9.2,S0149
P00792,2.52,FRAGILE,Electronics,20.97,S0007
P00793,8.65,STANDARD,Industrial,24.41,S0150
P00794,7.96,STANDARD,Healthcare,18.16,S0040
P00795,1.73,STANDARD,Industrial,48.12,S0127
P00796,5.55,TEMPERATURE_CONTROLLED,Food,33.35,S0013
P00797,12.15,STANDARD,Consumer,27.09,S0070
P00798,12.7,STANDARD,Food,41.19,S0082
P00799,12.4,STANDARD,Automotive,24.8,S0144
P00800,6.22,STANDARD,Electronics,193.82,S0019
P00801,3.35,FRAGILE,Food,27.07,S0006
P00802,2.83,STANDARD,Automotive,27.85,S0098
P00803,7.7,STANDARD,Consumer,8.07,S0008
P00804,7.89,TEMPERATURE_CONTROLLED,Healthcare,17.23,S0117
P00805,14.9,STANDARD,Automotive,51.72,S0006
P00806,13.07,STANDARD,Automotive,10.3,S0146
P00807,5.51,STANDARD,Industrial,6.04,S0080
P00808,2.53,HAZARDOUS_RESTRICTED,Automotive,25.05,S0143
P00809,4.84,STANDARD,Apparel,59.8,S0019
P00810,7.04,TEMPERATURE_CONTROLLED,Electronics,25.22,S0042
P00811,5.25,HIGH_VALUE,Electronics,19.72,S0069
P00812,4.04,FRAGILE,Apparel,7.33,S0005
P00813,7.22,STANDARD,Automotive,32.92,S0016
P00814,4.25,TEMPERATURE_CONTROLLED,Food,37.71,S0050
P00815,3.9,STANDARD,Consumer,7.71,S0111
P00816,7.52,STANDARD,Consumer,51.29,S0107
P00817,4.57,STANDARD,Food,40.35,S0014
P00818,7.18,STANDARD,Consumer,51.21,S0009
P00819,7.32,STANDARD,Healthcare,35.85,S0099
P00820,2.72,STANDARD,Automotive,37.52,S0054
P00821,4.32,STANDARD,Industrial,34.41,S0119
P00822,16.55,STANDARD,Healthcare,43.14,S0045
P00823,2.68,FRAGILE,Consumer,7.52,S0055
P00824,1.37,HIGH_VALUE,Industrial,9.25,S0033
P00825,1.64,STANDARD,Consumer,15.2,S0040
P00826,6.17,FRAGILE,Consumer,22.55,S0106
P00827,6.18,STANDARD,Healthcare,31.57,S0071
P00828,5.57,STANDARD,Electronics,30.3,S0099
P00829,14.15,STANDARD,Consumer,50.71,S0012
P00830,0.93,STANDARD,Apparel,51.76,S0081
P00831,7.98,STANDARD,Apparel,13.91,S0069
P00832,18.05,STANDARD,Healthcare,28.65,S0137
P00833,2.75,STANDARD,Consumer,14.14,S0064
P00834,4.64,STANDARD,Healthcare,21.71,S0016
P00835,3.57,STANDARD,Healthcare,30.24,S0105
P00836,3.23,STANDARD,Healthcare,2.68,S0023
P00837,4.81,STANDARD,Industrial,117.6,S0137
P00838,16.43,STANDARD,Food,35.45,S0058
P00839,21.89,STANDARD,Consumer,16.66,S0118
P00840,4.78,STANDARD,Industrial,85.87,S0099
P00841,22.96,STANDARD,Food,19.57,S0070
P00842,6.2,STANDARD,Industrial,26.74,S0088
P00843,20.65,HIGH_VALUE,Consumer,17.87,S0028
P00844,5.67,STANDARD,Industrial,71.79,S0012
P00845,6.63,STANDARD,Healthcare,22.91,S0115
P00846,7.81,STANDARD,Consumer,27.04,S0144
P00847,55.99,HIGH_VALUE,Food,53.65,S0130
P00848,10.98,FRAGILE,Food,35.89,S0046
P00849,3.69,FRAGILE,Food,23.68,S0054
P00850,11.92,HIGH_VALUE,Industrial,50.49,S0054
P00851,4.7,STANDARD,Electronics,127.74,S0106
P00852,4.29,HIGH_VALUE,Food,30.15,S0094
P00853,11.43,STANDARD,Food,26.47,S0120
P00854,6.18,FRAGILE,Industrial,27.41,S0142
P00855,7.35,STANDARD,Electronics,57.5,S0059
P00856,6.11,STANDARD,Consumer,16.62,S0100
P00857,7.66,HIGH_VALUE,Electronics,20.47,S0076
P00858,8.15,STANDARD,Electronics,9.03,S0144
P00859,1.56,HIGH_VALUE,Food,11.36,S0054
P00860,9.65,STANDARD,Automotive,17.52,S0029
P00861,3.04,FRAGILE,Electronics,23.66,S0057
P00862,2.2,HIGH_VALUE,Consumer,77.47,S0093
P00863,5.81,STANDARD,Healthcare,34.76,S0144
P00864,6.42,HIGH_VALUE,Automotive,13.56,S0125
P00865,3.72,FRAGILE,Food,15.28,S0003
P00866,10.82,FRAGILE,Industrial,59.95,S0077
P00867,2.36,STANDARD,Consumer,51.02,S0024
P00868,4.55,STANDARD,Apparel,24.99,S0055
P00869,4.02,FRAGILE,Healthcare,18.4,S0142
P00870,5.86,STANDARD,Food,50.97,S0148
P00871,7.35,STANDARD,Automotive,12.86,S0024
P00872,2.99,STANDARD,Automotive,31.65,S0022
P00873,10.04,HIGH_VALUE,Food,107.47,S0105
P00874,6.32,STANDARD,Consumer,28.04,S0062
P00875,1.61,FRAGILE,Food,14.82,S0065
P00876,1.54,HIGH_VALUE,Apparel,32.03,S0132
P00877,6.0,STANDARD,Consumer,18.07,S0139
P00878,5.18,STANDARD,Industrial,9.91,S0136
P00879,5.63,FRAGILE,Healthcare,38.69,S0118
P00880,5.93,STANDARD,Food,50.73,S0148
P00881,7.08,FRAGILE,Consumer,20.04,S0108
P00882,11.74,FRAGILE,Industrial,19.2,S0133
P00883,2.78,FRAGILE,Healthcare,13.13,S0082
P00884,2.66,STANDARD,Apparel,22.25,S0008
P00885,2.81,FRAGILE,Industrial,17.02,S0123
P00886,7.41,FRAGILE,Electronics,12.72,S0140
P00887,14.46,STANDARD,Apparel,83.92,S0047
P00888,4.47,FRAGILE,Healthcare,33.22,S0065
P00889,1.05,HIGH_VALUE,Apparel,35.59,S0086
P00890,1.84,FRAGILE,Automotive,43.56,S0098
P00891,3.38,STANDARD,Food,40.49,S0102
P00892,4.09,STANDARD,Automotive,18.76,S0060
P00893,4.55,STANDARD,Food,29.29,S0129
P00894,6.22,STANDARD,Apparel,20.6,S0123
P00895,4.86,STANDARD,Industrial,32.62,S0142
P00896,12.61,HIGH_VALUE,Food,30.63,S0087
P00897,3.77,STANDARD,Apparel,19.13,S0012
P00898,3.31,HAZARDOUS_RESTRICTED,Electronics,10.34,S0127
P00899,8.46,STANDARD,Electronics,26.98,S0012
P00900,2.06,STANDARD,Industrial,21.48,S0030
P00901,7.95,STANDARD,Electronics,7.18,S0043
P00902,6.5,STANDARD,Healthcare,34.12,S0028
P00903,5.46,TEMPERATURE_CONTROLLED,Food,45.95,S0109
P00904,18.39,HIGH_VALUE,Automotive,126.9,S0067
P00905,3.91,HIGH_VALUE,Electronics,19.02,S0033
P00906,25.59,STANDARD,Automotive,17.28,S0001
P00907,5.17,TEMPERATURE_CONTROLLED,Industrial,11.93,S0033
P00908,2.47,STANDARD,Apparel,28.1,S0104
P00909,6.35,HIGH_VALUE,Electronics,27.98,S0120
P00910,2.85,STANDARD,Apparel,14.48,S0045
P00911,3.57,STANDARD,Automotive,21.9,S0011
P00912,7.99,STANDARD,Electronics,6.78,S0084
P00913,8.93,STANDARD,Consumer,44.8,S0118
P00914,3.91,STANDARD,Automotive,14.87,S0011
P00915,12.08,HIGH_VALUE,Apparel,23.99,S0120
P00916,13.6,TEMPERATURE_CONTROLLED,Consumer,9.71,S0026
P00917,16.53,HIGH_VALUE,Apparel,16.8,S0039
P00918,8.76,STANDARD,Automotive,20.46,S0094
P00919,15.71,FRAGILE,Electronics,24.35,S0008
P00920,1.62,STANDARD,Electronics,33.51,S0046
P00921,4.84,STANDARD,Automotive,62.51,S0021
P00922,3.3,STANDARD,Healthcare,39.5,S0033
P00923,6.58,STANDARD,Apparel,45.85,S0117
P00924,4.06,FRAGILE,Healthcare,62.8,S0035
P00925,5.39,STANDARD,Food,35.53,S0007
P00926,22.59,STANDARD,Industrial,23.95,S0033
P00927,5.37,FRAGILE,Healthcare,47.27,S0014
P00928,8.08,STANDARD,Apparel,49.28,S0094
P00929,5.14,HIGH_VALUE,Electronics,37.4,S0146
P00930,6.38,STANDARD,Healthcare,9.53,S0026
P00931,6.08,HAZARDOUS_RESTRICTED,Apparel,14.2,S0110
P00932,8.28,FRAGILE,Consumer,20.52,S0055
P00933,13.68,FRAGILE,Apparel,40.72,S0011
P00934,19.17,FRAGILE,Automotive,24.19,S0104
P00935,7.51,HIGH_VALUE,Food,51.37,S0032
P00936,9.14,FRAGILE,Food,57.68,S0078
P00937,2.7,STANDARD,Food,53.49,S0077
P00938,5.69,STANDARD,Electronics,53.71,S0090
P00939,11.68,FRAGILE,Consumer,12.5,S0021
P00940,11.09,STANDARD,Electronics,33.57,S0038
P00941,7.02,STANDARD,Industrial,16.53,S0111
P00942,11.25,STANDARD,Healthcare,8.4,S0140
P00943,8.53,STANDARD,Consumer,20.35,S0002
P00944,14.02,STANDARD,Automotive,58.04,S0063
P00945,7.41,FRAGILE,Food,33.1,S0133
P00946,4.72,TEMPERATURE_CONTROLLED,Healthcare,91.07,S0044
P00947,7.65,HAZARDOUS_RESTRICTED,Consumer,27.53,S0068
P00948,0.78,STANDARD,Apparel,120.43,S0136
P00949,7.91,STANDARD,Food,27.53,S0146
P00950,0.47,FRAGILE,Industrial,24.89,S0099
P00951,1.81,STANDARD,Apparel,10.68,S0105
P00952,8.3,FRAGILE,Electronics,50.49,S0093
P00953,8.45,STANDARD,Automotive,17.7,S0043
P00954,2.68,HIGH_VALUE,Healthcare,16.11,S0134
P00955,3.67,STANDARD,Food,56.42,S0006
P00956,15.79,HAZARDOUS_RESTRICTED,Apparel,52.08,S0009
P00957,4.31,FRAGILE,Food,51.2,S0091
P00958,29.08,STANDARD,Apparel,19.39,S0126
P00959,6.04,TEMPERATURE_CONTROLLED,Healthcare,23.73,S0123
P00960,8.05,STANDARD,Apparel,23.6,S0102
P00961,18.76,TEMPERATURE_CONTROLLED,Electronics,40.8,S0057
P00962,6.63,FRAGILE,Automotive,67.34,S0054
P00963,3.0,STANDARD,Electronics,31.16,S0064
P00964,5.6,STANDARD,Apparel,88.56,S0039
P00965,5.9,TEMPERATURE_CONTROLLED,Food,43.96,S0063
P00966,2.33,STANDARD,Consumer,21.06,S0016
P00967,5.06,HIGH_VALUE,Apparel,42.04,S0048
P00968,3.6,TEMPERATURE_CONTROLLED,Industrial,74.36,S0142
P00969,11.55,FRAGILE,Food,89.92,S0107
P00970,6.2,STANDARD,Automotive,53.06,S0022
P00971,4.96,FRAGILE,Consumer,24.95,S0043
P00972,5.62,HIGH_VALUE,Apparel,21.31,S0039
P00973,7.07,STANDARD,Consumer,35.67,S0043
P00974,9.32,STANDARD,Healthcare,72.83,S0104
P00975,3.0,STANDARD,Consumer,32.52,S0135
P00976,2.92,STANDARD,Consumer,32.96,S0107
P00977,13.11,TEMPERATURE_CONTROLLED,Food,25.37,S0074
P00978,4.53,STANDARD,Automotive,19.82,S0025
P00979,2.24,FRAGILE,Automotive,22.08,S0022
P00980,8.25,STANDARD,Automotive,26.79,S0123
P00981,8.37,STANDARD,Electronics,74.95,S0102
P00982,2.07,STANDARD,Electronics,20.99,S0077
P00983,7.1,HIGH_VALUE,Electronics,25.39,S0087
P00984,10.12,FRAGILE,Consumer,13.98,S0128
P00985,7.86,STANDARD,Healthcare,39.09,S0123
P00986,9.42,TEMPERATURE_CONTROLLED,Food,59.64,S0014
P00987,2.26,STANDARD,Consumer,70.52,S0060
P00988,7.63,STANDARD,Electronics,28.0,S0007
P00989,4.89,STANDARD,Electronics,35.64,S0058
P00990,4.31,HIGH_VALUE,Healthcare,22.2,S0096
P00991,11.13,FRAGILE,Food,34.58,S0032
P00992,17.04,FRAGILE,Electronics,30.09,S0023
P00993,21.24,STANDARD,Industrial,25.48,S0074
P00994,15.19,STANDARD,Electronics,26.83,S0079
P00995,5.6,FRAGILE,Healthcare,32.91,S0108
P00996,7.74,STANDARD,Food,20.26,S0003
P00997,10.35,HIGH_VALUE,Consumer,20.95,S0038
P00998,6.59,TEMPERATURE_CONTROLLED,Automotive,74.42,S0117
P00999,6.63,STANDARD,Industrial,142.86,S0103
P01000,10.77,TEMPERATURE_CONTROLLED,Healthcare,11.21,S0135
P01001,5.8,HIGH_VALUE,Automotive,10.82,S0123
P01002,3.63,STANDARD,Industrial,13.17,S0126
P01003,4.53,FRAGILE,Consumer,22.94,S0077
P01004,9.43,HIGH_VALUE,Food,43.92,S0144
P01005,6.06,STANDARD,Industrial,36.03,S0063
P01006,7.68,HIGH_VALUE,Industrial,27.44,S0136
P01007,9.67,STANDARD,Electronics,34.6,S0059
P01008,4.65,FRAGILE,Apparel,15.64,S0067
P01009,10.27,TEMPERATURE_CONTROLLED,Automotive,20.93,S0103
P01010,7.89,FRAGILE,Industrial,24.21,S0060
P01011,2.55,STANDARD,Industrial,8.76,S0023
P01012,16.6,FRAGILE,Electronics,11.53,S0135
P01013,4.26,STANDARD,Automotive,11.83,S0068
P01014,1.9,STANDARD,Consumer,40.31,S0140
P01015,2.91,STANDARD,Industrial,28.77,S0060
P01016,2.96,FRAGILE,Electronics,36.5,S0146
P01017,6.27,STANDARD,Automotive,7.42,S0091
P01018,4.99,STANDARD,Consumer,9.35,S0116
P01019,4.78,HIGH_VALUE,Healthcare,37.75,S0114
P01020,9.34,STANDARD,Industrial,4.03,S0031
P01021,7.67,STANDARD,Industrial,54.38,S0123
P01022,7.55,STANDARD,Apparel,7.5,S0142
P01023,8.06,STANDARD,Food,42.44,S0100
P01024,9.31,TEMPERATURE_CONTROLLED,Apparel,13.77,S0143
P01025,1.38,STANDARD,Automotive,48.51,S0127
P01026,4.69,STANDARD,Apparel,197.41,S0100
P01027,1.32,HIGH_VALUE,Healthcare,5.6,S0072
P01028,6.2,HAZARDOUS_RESTRICTED,Electronics,38.55,S0129
P01029,6.03,FRAGILE,Healthcare,7.57,S0028
P01030,12.58,HIGH_VALUE,Consumer,32.38,S0085
P01031,13.89,HIGH_VALUE,Consumer,21.45,S0123
P01032,6.97,STANDARD,Food,26.69,S0142
P01033,4.26,FRAGILE,Food,13.56,S0041
P01034,8.5,FRAGILE,Industrial,40.75,S0015
P01035,4.18,STANDARD,Electronics,9.57,S0051
P01036,6.04,STANDARD,Industrial,54.99,S0130
P01037,12.06,STANDARD,Food,18.8,S0079
P01038,4.09,FRAGILE,Apparel,9.86,S0009
P01039,10.63,TEMPERATURE_CONTROLLED,Electronics,69.18,S0018
P01040,9.72,TEMPERATURE_CONTROLLED,Industrial,23.48,S0051
P01041,3.1,STANDARD,Automotive,84.77,S0052
P01042,11.96,STANDARD,Consumer,54.27,S0021
P01043,9.87,STANDARD,Food,14.6,S0075
P01044,6.5,STANDARD,Apparel,23.21,S0072
P01045,3.55,HIGH_VALUE,Industrial,26.54,S0030
P01046,3.32,HIGH_VALUE,Electronics,66.16,S0035
P01047,4.15,HIGH_VALUE,Consumer,32.6,S0100
P01048,8.84,HIGH_VALUE,Automotive,27.51,S0143
P01049,3.1,HIGH_VALUE,Food,21.54,S0150
P01050,8.22,STANDARD,Consumer,23.74,S0084
P01051,2.54,STANDARD,Automotive,57.28,S0006
P01052,5.24,STANDARD,Healthcare,24.59,S0135
P01053,6.53,STANDARD,Electronics,18.98,S0143
P01054,33.5,STANDARD,Food,17.0,S0042
P01055,2.31,STANDARD,Apparel,17.12,S0061
P01056,16.95,HIGH_VALUE,Industrial,9.86,S0004
P01057,6.72,STANDARD,Consumer,15.06,S0121
P01058,8.07,HIGH_VALUE,Healthcare,64.97,S0117
P01059,6.57,TEMPERATURE_CONTROLLED,Automotive,21.45,S0004
P01060,8.26,FRAGILE,Apparel,38.78,S0106
P01061,5.43,FRAGILE,Apparel,4.9,S0062
P01062,16.74,STANDARD,Industrial,35.5,S0082
P01063,4.4,FRAGILE,Healthcare,22.09,S0033
P01064,13.36,STANDARD,Apparel,17.94,S0123
P01065,3.85,HIGH_VALUE,Food,27.59,S0061
P01066,5.8,STANDARD,Electronics,17.77,S0127
P01067,2.86,STANDARD,Apparel,6.17,S0023
P01068,8.32,FRAGILE,Automotive,44.68,S0089
P01069,16.64,FRAGILE,Consumer,28.73,S0047
P01070,5.73,STANDARD,Electronics,20.0,S0145
P01071,5.27,FRAGILE,Consumer,13.09,S0084
P01072,2.77,STANDARD,Consumer,9.44,S0108
P01073,5.15,FRAGILE,Consumer,28.38,S0013
P01074,1.98,STANDARD,Apparel,70.02,S0102
P01075,3.19,STANDARD,Food,28.0,S0016
P01076,7.09,STANDARD,Apparel,9.99,S0055
P01077,15.23,STANDARD,Apparel,28.4,S0034
P01078,43.23,STANDARD,Food,23.7,S0001
P01079,4.01,STANDARD,Consumer,43.02,S0088
P01080,16.52,STANDARD,Consumer,36.39,S0037
P01081,7.18,STANDARD,Automotive,3.52,S0077
P01082,5.44,STANDARD,Apparel,34.97,S0115
P01083,8.19,STANDARD,Electronics,12.78,S0027
P01084,6.32,FRAGILE,Automotive,9.74,S0107
P01085,6.54,HIGH_VALUE,Healthcare,21.7,S0045
P01086,4.55,STANDARD,Food,32.04,S0050
P01087,2.27,HIGH_VALUE,Electronics,8.44,S0087
P01088,2.05,STANDARD,Consumer,38.78,S0094
P01089,9.56,STANDARD,Industrial,40.29,S0099
P01090,4.98,FRAGILE,Food,25.29,S0030
P01091,3.99,TEMPERATURE_CONTROLLED,Apparel,13.96,S0087
P01092,6.09,HAZARDOUS_RESTRICTED,Industrial,12.98,S0040
P01093,10.55,STANDARD,Food,47.79,S0042
P01094,6.86,TEMPERATURE_CONTROLLED,Automotive,9.19,S0143
P01095,3.82,STANDARD,Food,49.0,S0016
P01096,14.27,STANDARD,Apparel,22.03,S0062
P01097,18.27,STANDARD,Electronics,23.05,S0066
P01098,8.55,HIGH_VALUE,Industrial,8.08,S0037
P01099,11.96,STANDARD,Healthcare,22.3,S0118
P01100,14.43,HAZARDOUS_RESTRICTED,Industrial,36.56,S0074
P01101,13.34,FRAGILE,Electronics,10.29,S0108
P01102,9.3,TEMPERATURE_CONTROLLED,Food,33.92,S0059
P01103,9.2,FRAGILE,Food,25.99,S0135
P01104,8.7,HIGH_VALUE,Automotive,16.14,S0110
P01105,2.81,STANDARD,Industrial,42.76,S0050
P01106,9.88,STANDARD,Industrial,5.86,S0145
P01107,2.34,FRAGILE,Food,30.73,S0130
P01108,3.47,STANDARD,Healthcare,70.29,S0089
P01109,15.07,STANDARD,Electronics,62.55,S0003
P01110,10.89,STANDARD,Healthcare,31.61,S0089
P01111,17.14,STANDARD,Automotive,20.16,S0104
P01112,5.0,STANDARD,Consumer,16.23,S0055
P01113,2.7,STANDARD,Healthcare,20.15,S0022
P01114,5.11,HIGH_VALUE,Food,34.93,S0085
P01115,6.5,STANDARD,Consumer,14.52,S0121
P01116,6.39,HIGH_VALUE,Food,40.14,S0048
P01117,13.38,HIGH_VALUE,Healthcare,98.16,S0069
P01118,4.7,STANDARD,Consumer,23.57,S0001
P01119,7.74,FRAGILE,Healthcare,10.24,S0106
P01120,3.03,FRAGILE,Consumer,10.24,S0130
P01121,8.29,FRAGILE,Apparel,40.64,S0117
P01122,6.06,STANDARD,Healthcare,23.6,S0065
P01123,3.58,STANDARD,Food,43.38,S0007
P01124,5.13,STANDARD,Food,17.34,S0074
P01125,5.32,FRAGILE,Food,42.09,S0142
P01126,5.01,HIGH_VALUE,Industrial,22.13,S0013
P01127,20.9,FRAGILE,Apparel,15.24,S0033
P01128,5.65,FRAGILE,Electronics,18.9,S0126
P01129,5.1,HIGH_VALUE,Electronics,11.27,S0086
P01130,1.39,FRAGILE,Food,89.4,S0026
P01131,3.24,STANDARD,Industrial,23.04,S0004
P01132,5.03,HIGH_VALUE,Food,37.3,S0062
P01133,3.74,STANDARD,Automotive,17.31,S0090
P01134,15.91,STANDARD,Healthcare,12.38,S0127
P01135,5.39,STANDARD,Electronics,21.07,S0133
P01136,14.91,HIGH_VALUE,Consumer,50.19,S0069
P01137,6.32,STANDARD,Apparel,17.49,S0064
P01138,6.21,STANDARD,Automotive,13.93,S0140
P01139,5.69,STANDARD,Apparel,27.14,S0117
P01140,6.07,STANDARD,Healthcare,33.93,S0032
P01141,20.15,STANDARD,Automotive,71.37,S0103
P01142,1.19,FRAGILE,Healthcare,30.87,S0108
P01143,1.49,HIGH_VALUE,Consumer,37.29,S0036
P01144,4.14,STANDARD,Electronics,39.16,S0147
P01145,6.11,STANDARD,Automotive,11.59,S0045
P01146,9.81,STANDARD,Automotive,13.12,S0083
P01147,8.42,STANDARD,Automotive,12.13,S0075
P01148,4.62,FRAGILE,Automotive,10.32,S0104
P01149,12.35,FRAGILE,Consumer,41.14,S0136
P01150,12.44,FRAGILE,Automotive,29.62,S0059
P01151,6.88,STANDARD,Industrial,25.83,S0058
P01152,11.87,FRAGILE,Industrial,4.55,S0113
P01153,7.32,STANDARD,Consumer,93.32,S0143
P01154,4.08,STANDARD,Food,13.72,S0137
P01155,9.86,HIGH_VALUE,Apparel,93.1,S0113
P01156,6.54,TEMPERATURE_CONTROLLED,Consumer,9.56,S0106
P01157,6.06,HIGH_VALUE,Food,14.47,S0116
P01158,16.96,HIGH_VALUE,Food,5.86,S0141
P01159,1.09,FRAGILE,Automotive,31.04,S0002
P01160,2.24,HIGH_VALUE,Electronics,11.99,S0089
P01161,2.64,STANDARD,Consumer,12.21,S0006
P01162,4.69,STANDARD,Consumer,10.05,S0087
P01163,5.06,STANDARD,Industrial,40.66,S0060
P01164,2.11,STANDARD,Apparel,38.96,S0046
P01165,3.04,STANDARD,Food,79.66,S0134
P01166,3.31,STANDARD,Healthcare,15.71,S0107
P01167,33.79,FRAGILE,Automotive,28.28,S0086
P01168,21.35,TEMPERATURE_CONTROLLED,Industrial,10.61,S0133
P01169,4.53,FRAGILE,Industrial,19.73,S0015
P01170,4.69,STANDARD,Industrial,17.51,S0097
P01171,2.71,TEMPERATURE_CONTROLLED,Healthcare,33.18,S0024
P01172,1.59,STANDARD,Industrial,47.52,S0035
P01173,5.57,STANDARD,Industrial,46.72,S0028
P01174,3.01,STANDARD,Automotive,14.18,S0082
P01175,5.7,STANDARD,Consumer,46.95,S0095
P01176,1.97,STANDARD,Healthcare,23.84,S0114
P01177,3.55,HAZARDOUS_RESTRICTED,Automotive,19.87,S0067
P01178,6.71,TEMPERATURE_CONTROLLED,Industrial,15.48,S0141
P01179,7.82,FRAGILE,Consumer,17.05,S0057
P01180,8.1,STANDARD,Consumer,76.13,S0024
P01181,2.4,TEMPERATURE_CONTROLLED,Food,29.96,S0006
P01182,11.0,FRAGILE,Electronics,27.48,S0020
P01183,3.46,STANDARD,Apparel,20.69,S0067
P01184,9.42,FRAGILE,Healthcare,120.29,S0062
P01185,6.0,STANDARD,Electronics,57.3,S0129
P01186,2.31,STANDARD,Consumer,15.35,S0019
P01187,4.85,STANDARD,Industrial,20.54,S0040
P01188,7.81,STANDARD,Industrial,21.34,S0148
P01189,9.29,STANDARD,Food,26.97,S0005
P01190,5.48,STANDARD,Industrial,15.55,S0064
P01191,17.68,STANDARD,Automotive,32.63,S0030
P01192,12.25,HIGH_VALUE,Industrial,63.05,S0081
P01193,5.05,STANDARD,Electronics,10.45,S0147
P01194,10.23,STANDARD,Electronics,11.78,S0035
P01195,23.42,STANDARD,Electronics,17.92,S0056
P01196,23.86,HIGH_VALUE,Automotive,18.47,S0068
P01197,2.56,FRAGILE,Automotive,89.93,S0120
P01198,3.16,HIGH_VALUE,Electronics,47.05,S0148
P01199,17.11,STANDARD,Healthcare,45.32,S0015
P01200,2.88,STANDARD,Industrial,20.66,S0074
P01201,2.4,FRAGILE,Automotive,20.37,S0113
P01202,4.3,STANDARD,Food,9.55,S0002
P01203,8.12,TEMPERATURE_CONTROLLED,Consumer,40.78,S0121
P01204,5.63,HIGH_VALUE,Food,33.76,S0037
P01205,3.84,STANDARD,Industrial,56.59,S0078
P01206,3.77,HIGH_VALUE,Industrial,21.39,S0147
P01207,3.67,FRAGILE,Apparel,22.37,S0096
P01208,3.27,STANDARD,Healthcare,27.4,S0149
P01209,29.88,STANDARD,Apparel,43.8,S0091
P01210,7.45,STANDARD,Automotive,9.43,S0032
P01211,11.25,TEMPERATURE_CONTROLLED,Industrial,39.58,S0104
P01212,4.3,STANDARD,Apparel,24.21,S0093
P01213,5.31,STANDARD,Automotive,12.33,S0047
P01214,3.67,FRAGILE,Apparel,6.33,S0012
P01215,0.95,STANDARD,Automotive,22.45,S0098
P01216,2.31,STANDARD,Electronics,62.87,S0087
P01217,1.7,FRAGILE,Consumer,72.86,S0117
P01218,1.25,STANDARD,Electronics,30.91,S0019
P01219,2.62,STANDARD,Consumer,87.82,S0081
P01220,15.29,STANDARD,Healthcare,23.86,S0123
P01221,5.86,STANDARD,Apparel,45.59,S0134
P01222,14.93,STANDARD,Food,18.3,S0141
P01223,8.07,TEMPERATURE_CONTROLLED,Healthcare,17.56,S0032
P01224,10.46,HIGH_VALUE,Food,15.79,S0026
P01225,3.22,STANDARD,Electronics,6.43,S0087
P01226,8.73,HIGH_VALUE,Electronics,56.63,S0070
P01227,10.08,FRAGILE,Food,16.17,S0036
P01228,4.04,FRAGILE,Consumer,14.57,S0016
P01229,8.95,FRAGILE,Automotive,11.39,S0022
P01230,8.99,FRAGILE,Industrial,21.48,S0051
P01231,4.12,HAZARDOUS_RESTRICTED,Healthcare,77.19,S0111
P01232,2.76,STANDARD,Consumer,95.67,S0010
P01233,2.64,STANDARD,Apparel,8.33,S0016
P01234,6.43,STANDARD,Food,19.48,S0040
P01235,7.61,STANDARD,Healthcare,12.52,S0132
P01236,3.47,FRAGILE,Automotive,46.64,S0149
P01237,6.16,STANDARD,Industrial,29.56,S0067
P01238,9.02,STANDARD,Electronics,16.22,S0007
P01239,9.33,STANDARD,Automotive,25.72,S0002
P01240,17.93,STANDARD,Consumer,17.99,S0129
P01241,14.79,FRAGILE,Electronics,70.05,S0067
P01242,3.0,FRAGILE,Healthcare,35.01,S0012
P01243,19.66,STANDARD,Consumer,37.92,S0126
P01244,4.17,STANDARD,Apparel,4.33,S0080
P01245,12.57,STANDARD,Food,23.49,S0053
P01246,6.34,STANDARD,Healthcare,95.02,S0068
P01247,4.53,FRAGILE,Healthcare,58.09,S0034
P01248,1.71,FRAGILE,Food,7.38,S0140
P01249,5.37,STANDARD,Consumer,20.01,S0119
P01250,2.03,STANDARD,Industrial,11.23,S0030
P01251,11.91,HIGH_VALUE,Consumer,74.61,S0111
P01252,17.49,TEMPERATURE_CONTROLLED,Industrial,28.75,S0027
P01253,3.46,STANDARD,Automotive,14.89,S0068
P01254,7.47,STANDARD,Healthcare,25.08,S0113
P01255,3.64,STANDARD,Food,4.51,S0006
P01256,3.9,HIGH_VALUE,Electronics,12.12,S0109
P01257,10.4,STANDARD,Apparel,25.12,S0034
P01258,5.89,STANDARD,Industrial,42.51,S0105
P01259,20.45,HIGH_VALUE,Electronics,6.95,S0075
P01260,4.32,FRAGILE,Consumer,19.15,S0004
P01261,12.18,STANDARD,Consumer,47.29,S0115
P01262,6.48,STANDARD,Electronics,9.55,S0039
P01263,10.56,STANDARD,Electronics,28.47,S0143
P01264,4.42,FRAGILE,Electronics,25.61,S0126
P01265,5.84,STANDARD,Healthcare,74.76,S0029
P01266,5.58,HIGH_VALUE,Electronics,21.12,S0091
P01267,3.37,HIGH_VALUE,Consumer,21.94,S0055
P01268,9.62,STANDARD,Electronics,42.77,S0091
P01269,9.54,FRAGILE,Apparel,10.36,S0084
P01270,9.17,STANDARD,Food,21.25,S0045
P01271,17.74,STANDARD,Apparel,18.24,S0098
P01272,16.69,TEMPERATURE_CONTROLLED,Food,22.41,S0040
P01273,4.65,STANDARD,Food,42.58,S0137
P01274,7.85,STANDARD,Electronics,35.17,S0142
P01275,3.91,STANDARD,Healthcare,15.08,S0025
P01276,6.15,STANDARD,Apparel,26.81,S0110
P01277,3.98,STANDARD,Healthcare,64.64,S0140
P01278,18.8,FRAGILE,Apparel,14.29,S0020
P01279,7.8,TEMPERATURE_CONTROLLED,Apparel,26.96,S0111
P01280,5.19,FRAGILE,Food,21.64,S0141
P01281,13.95,HAZARDOUS_RESTRICTED,Healthcare,23.55,S0034
P01282,1.32,STANDARD,Healthcare,8.5,S0088
P01283,1.48,HAZARDOUS_RESTRICTED,Electronics,61.37,S0120
P01284,10.56,STANDARD,Industrial,14.83,S0051
P01285,6.31,STANDARD,Industrial,47.8,S0036
P01286,7.21,HIGH_VALUE,Automotive,16.38,S0060
P01287,2.39,STANDARD,Healthcare,16.34,S0051
P01288,5.95,STANDARD,Apparel,53.98,S0109
P01289,24.59,STANDARD,Apparel,46.81,S0056
P01290,10.77,STANDARD,Apparel,28.1,S0057
P01291,6.81,STANDARD,Electronics,40.24,S0142
P01292,4.45,STANDARD,Automotive,20.34,S0087
P01293,4.59,HIGH_VALUE,Apparel,24.4,S0140
P01294,1.36,STANDARD,Industrial,15.96,S0107
P01295,7.25,STANDARD,Healthcare,44.15,S0133
P01296,10.93,STANDARD,Apparel,15.63,S0030
P01297,2.01,HAZARDOUS_RESTRICTED,Apparel,64.42,S0141
P01298,3.81,STANDARD,Apparel,19.98,S0142
P01299,2.69,STANDARD,Automotive,24.86,S0007
P01300,3.08,STANDARD,Healthcare,40.17,S0054
P01301,6.28,FRAGILE,Healthcare,24.92,S0062
P01302,1.41,TEMPERATURE_CONTROLLED,Consumer,20.21,S0063
P01303,9.3,FRAGILE,Healthcare,24.06,S0117
P01304,10.25,TEMPERATURE_CONTROLLED,Healthcare,43.86,S0105
P01305,5.07,STANDARD,Industrial,15.95,S0032
P01306,1.07,STANDARD,Automotive,22.6,S0092
P01307,3.01,STANDARD,Industrial,24.7,S0147
P01308,14.34,STANDARD,Automotive,43.03,S0067
P01309,0.87,STANDARD,Food,22.99,S0140
P01310,4.74,STANDARD,Apparel,79.47,S0098
P01311,2.65,STANDARD,Automotive,22.16,S0139
P01312,10.62,FRAGILE,Food,21.02,S0136
P01313,3.77,STANDARD,Food,21.95,S0003
P01314,8.03,FRAGILE,Automotive,10.42,S0121
P01315,8.99,FRAGILE,Apparel,12.5,S0029
P01316,21.88,STANDARD,Healthcare,17.38,S0124
P01317,5.25,STANDARD,Food,51.33,S0122
P01318,7.87,FRAGILE,Healthcare,24.01,S0039
P01319,2.14,FRAGILE,Industrial,17.9,S0010
P01320,13.92,STANDARD,Electronics,54.45,S0063
P01321,3.55,STANDARD,Apparel,67.24,S0046
P01322,4.09,FRAGILE,Healthcare,55.48,S0084
P01323,5.96,FRAGILE,Apparel,14.09,S0013
P01324,2.03,STANDARD,Electronics,17.78,S0007
P01325,7.1,STANDARD,Automotive,79.75,S0066
P01326,11.91,HIGH_VALUE,Healthcare,28.7,S0116
P01327,7.43,STANDARD,Automotive,20.62,S0048
P01328,1.99,HIGH_VALUE,Industrial,39.13,S0049
P01329,5.55,STANDARD,Electronics,47.22,S0025
P01330,10.17,STANDARD,Healthcare,16.92,S0043
P01331,1.62,STANDARD,Automotive,28.29,S0045
P01332,2.85,STANDARD,Apparel,44.8,S0039
P01333,11.17,HIGH_VALUE,Automotive,11.54,S0052
P01334,7.31,STANDARD,Industrial,24.73,S0043
P01335,8.07,HIGH_VALUE,Industrial,11.89,S0103
P01336,22.23,STANDARD,Consumer,12.94,S0051
P01337,8.4,HIGH_VALUE,Automotive,17.01,S0114
P01338,9.59,HIGH_VALUE,Food,33.45,S0091
P01339,40.35,FRAGILE,Automotive,19.9,S0097
P01340,5.21,STANDARD,Automotive,16.1,S0088
P01341,3.46,FRAGILE,Electronics,25.37,S0139
P01342,8.16,STANDARD,Industrial,11.64,S0039
P01343,8.23,HIGH_VALUE,Apparel,32.42,S0148
P01344,4.18,STANDARD,Healthcare,51.18,S0031
P01345,2.94,STANDARD,Healthcare,23.3,S0021
P01346,30.47,STANDARD,Consumer,21.5,S0124
P01347,7.6,FRAGILE,Electronics,31.27,S0135
P01348,3.62,HIGH_VALUE,Automotive,6.56,S0014
P01349,11.49,STANDARD,Healthcare,34.78,S0090
P01350,5.6,TEMPERATURE_CONTROLLED,Industrial,184.24,S0077
P01351,5.07,HIGH_VALUE,Healthcare,22.65,S0034
P01352,8.97,STANDARD,Automotive,22.7,S0079
P01353,2.45,STANDARD,Industrial,39.78,S0103
P01354,7.74,FRAGILE,Automotive,71.48,S0087
P01355,23.08,FRAGILE,Apparel,46.23,S0078
P01356,8.38,STANDARD,Industrial,6.04,S0133
P01357,4.65,HAZARDOUS_RESTRICTED,Food,35.38,S0034
P01358,4.24,STANDARD,Consumer,130.55,S0094
P01359,4.54,HIGH_VALUE,Apparel,36.77,S0048
P01360,5.06,HIGH_VALUE,Electronics,11.58,S0147
P01361,4.64,HAZARDOUS_RESTRICTED,Apparel,29.46,S0038
P01362,11.49,STANDARD,Healthcare,10.67,S0131
P01363,1.8,STANDARD,Consumer,54.67,S0095
P01364,11.06,STANDARD,Apparel,13.18,S0033
P01365,4.64,STANDARD,Industrial,25.75,S0114
P01366,7.88,FRAGILE,Industrial,14.05,S0037
P01367,2.75,STANDARD,Electronics,17.2,S0040
P01368,15.33,STANDARD,Consumer,64.46,S0052
P01369,14.47,STANDARD,Apparel,26.24,S0103
P01370,11.84,STANDARD,Healthcare,17.06,S0059
P01371,2.1,STANDARD,Industrial,11.65,S0086
P01372,10.81,FRAGILE,Healthcare,7.27,S0083
P01373,8.03,TEMPERATURE_CONTROLLED,Healthcare,10.88,S0030
P01374,1.97,STANDARD,Food,26.38,S0035
P01375,5.95,HIGH_VALUE,Electronics,46.39,S0047
P01376,7.81,HIGH_VALUE,Healthcare,17.04,S0034
P01377,8.93,STANDARD,Consumer,68.09,S0138
P01378,6.85,FRAGILE,Industrial,15.39,S0058
P01379,7.42,STANDARD,Food,21.02,S0061
P01380,16.97,STANDARD,Food,12.16,S0101
P01381,14.27,STANDARD,Healthcare,46.71,S0119
P01382,0.81,STANDARD,Apparel,95.91,S0104
P01383,4.84,HIGH_VALUE,Apparel,7.81,S0083
P01384,5.39,HIGH_VALUE,Consumer,19.59,S0147
P01385,1.77,HAZARDOUS_RESTRICTED,Industrial,55.82,S0135
P01386,6.46,FRAGILE,Electronics,9.58,S0031
P01387,14.5,FRAGILE,Healthcare,35.46,S0025
P01388,2.83,HIGH_VALUE,Electronics,54.27,S0059
P01389,7.66,STANDARD,Healthcare,25.81,S0126
P01390,3.19,STANDARD,Consumer,35.08,S0145
P01391,3.78,FRAGILE,Consumer,77.06,S0106
P01392,17.02,STANDARD,Industrial,87.05,S0104
P01393,4.14,STANDARD,Electronics,23.56,S0036
P01394,8.36,STANDARD,Industrial,17.36,S0089
P01395,1.63,FRAGILE,Automotive,13.49,S0028
P01396,22.28,STANDARD,Apparel,46.29,S0081
P01397,9.22,STANDARD,Healthcare,10.06,S0030
P01398,5.32,STANDARD,Healthcare,20.82,S0012
P01399,9.05,STANDARD,Automotive,26.23,S0146
P01400,2.25,HIGH_VALUE,Electronics,17.69,S0135
P01401,13.84,STANDARD,Industrial,29.43,S0103
P01402,4.82,FRAGILE,Electronics,129.92,S0094
P01403,5.24,TEMPERATURE_CONTROLLED,Automotive,22.67,S0036
P01404,4.29,STANDARD,Automotive,18.49,S0086
P01405,4.03,HAZARDOUS_RESTRICTED,Consumer,47.46,S0113
P01406,9.84,FRAGILE,Consumer,28.67,S0081
P01407,7.24,FRAGILE,Healthcare,62.53,S0043
P01408,9.55,STANDARD,Food,27.3,S0059
P01409,6.01,STANDARD,Food,20.87,S0127
P01410,8.66,HIGH_VALUE,Electronics,7.7,S0039
P01411,4.51,TEMPERATURE_CONTROLLED,Food,8.56,S0145
P01412,28.81,HIGH_VALUE,Industrial,7.44,S0114
P01413,2.02,HIGH_VALUE,Industrial,31.39,S0134
P01414,14.62,STANDARD,Automotive,10.12,S0077
P01415,15.76,TEMPERATURE_CONTROLLED,Electronics,55.49,S0034
P01416,3.33,STANDARD,Healthcare,25.02,S0006
P01417,28.8,TEMPERATURE_CONTROLLED,Industrial,20.93,S0081
P01418,12.14,STANDARD,Automotive,14.18,S0060
P01419,11.94,STANDARD,Apparel,36.76,S0018
P01420,6.17,TEMPERATURE_CONTROLLED,Food,14.54,S0140
P01421,5.2,TEMPERATURE_CONTROLLED,Industrial,12.93,S0146
P01422,5.22,FRAGILE,Automotive,53.11,S0057
P01423,7.95,STANDARD,Automotive,30.89,S0101
P01424,16.13,STANDARD,Healthcare,21.06,S0062
P01425,6.87,HIGH_VALUE,Consumer,37.22,S0075
P01426,3.2,STANDARD,Food,24.68,S0094
P01427,10.77,STANDARD,Healthcare,31.47,S0063
P01428,11.53,FRAGILE,Electronics,14.43,S0121
P01429,9.57,STANDARD,Food,94.23,S0029
P01430,10.19,FRAGILE,Food,16.83,S0101
P01431,5.0,STANDARD,Healthcare,67.45,S0148
P01432,3.16,HAZARDOUS_RESTRICTED,Automotive,21.7,S0128
P01433,3.29,HIGH_VALUE,Food,41.46,S0007
P01434,1.93,HIGH_VALUE,Automotive,39.54,S0018
P01435,7.14,FRAGILE,Automotive,51.7,S0095
P01436,5.71,STANDARD,Food,14.21,S0139
P01437,4.45,FRAGILE,Apparel,49.36,S0127
P01438,0.76,HAZARDOUS_RESTRICTED,Automotive,81.47,S0136
P01439,2.53,FRAGILE,Industrial,20.74,S0023
P01440,13.26,FRAGILE,Automotive,25.09,S0078
P01441,3.8,TEMPERATURE_CONTROLLED,Consumer,17.46,S0109
P01442,7.79,FRAGILE,Industrial,19.59,S0094
P01443,2.29,TEMPERATURE_CONTROLLED,Automotive,74.62,S0117
P01444,16.56,STANDARD,Consumer,12.77,S0032
P01445,5.47,STANDARD,Electronics,13.3,S0069
P01446,7.41,FRAGILE,Automotive,69.9,S0068
P01447,30.82,STANDARD,Apparel,36.82,S0141
P01448,17.49,HIGH_VALUE,Industrial,97.34,S0031
P01449,4.88,FRAGILE,Automotive,18.31,S0049
P01450,3.99,STANDARD,Consumer,26.63,S0004
P01451,4.82,HAZARDOUS_RESTRICTED,Electronics,15.97,S0023
P01452,8.64,FRAGILE,Consumer,26.93,S0148
P01453,5.62,TEMPERATURE_CONTROLLED,Industrial,7.74,S0128
P01454,4.59,STANDARD,Healthcare,38.29,S0039
P01455,16.9,HIGH_VALUE,Consumer,30.27,S0106
P01456,5.58,STANDARD,Electronics,23.63,S0089
P01457,30.26,FRAGILE,Electronics,19.03,S0136
P01458,6.45,STANDARD,Automotive,13.71,S0046
P01459,21.11,FRAGILE,Food,39.37,S0150
P01460,7.77,FRAGILE,Electronics,11.46,S0056
P01461,11.87,FRAGILE,Apparel,34.22,S0108
P01462,3.64,STANDARD,Electronics,94.48,S0060
P01463,3.33,TEMPERATURE_CONTROLLED,Automotive,64.43,S0101
P01464,8.35,FRAGILE,Automotive,9.22,S0051
P01465,12.09,STANDARD,Automotive,17.31,S0127
P01466,6.22,HIGH_VALUE,Electronics,32.26,S0096
P01467,2.46,FRAGILE,Apparel,23.44,S0044
P01468,2.33,HIGH_VALUE,Industrial,9.88,S0145
P01469,2.23,HIGH_VALUE,Apparel,31.51,S0107
P01470,1.76,HIGH_VALUE,Consumer,24.37,S0065
P01471,6.53,TEMPERATURE_CONTROLLED,Automotive,85.14,S0021
P01472,13.3,FRAGILE,Healthcare,20.81,S0146
P01473,5.99,STANDARD,Consumer,52.42,S0114
P01474,1.24,STANDARD,Food,10.77,S0101
P01475,5.29,TEMPERATURE_CONTROLLED,Food,12.58,S0125
P01476,5.4,STANDARD,Food,39.22,S0092
P01477,26.24,HIGH_VALUE,Industrial,49.62,S0035
P01478,2.18,STANDARD,Consumer,13.17,S0036
P01479,4.6,STANDARD,Healthcare,24.92,S0012
P01480,19.97,STANDARD,Food,9.99,S0010
P01481,8.29,STANDARD,Food,21.81,S0110
P01482,8.97,STANDARD,Food,42.27,S0128
P01483,6.55,STANDARD,Industrial,18.49,S0025
P01484,7.62,HAZARDOUS_RESTRICTED,Healthcare,20.87,S0087
P01485,10.43,STANDARD,Consumer,11.77,S0019
P01486,3.43,STANDARD,Apparel,16.1,S0063
P01487,11.19,STANDARD,Healthcare,76.92,S0119
P01488,2.31,STANDARD,Electronics,25.72,S0122
P01489,7.61,STANDARD,Electronics,12.79,S0143
P01490,6.86,FRAGILE,Consumer,19.99,S0047
P01491,3.93,TEMPERATURE_CONTROLLED,Automotive,8.69,S0143
P01492,5.95,STANDARD,Automotive,12.69,S0118
P01493,3.91,FRAGILE,Apparel,59.4,S0051
P01494,2.86,STANDARD,Electronics,22.36,S0050
P01495,4.72,STANDARD,Apparel,83.85,S0017
P01496,2.79,HIGH_VALUE,Industrial,23.06,S0139
P01497,7.58,STANDARD,Food,23.97,S0031
P01498,2.7,HIGH_VALUE,Food,37.21,S0041
P01499,9.96,STANDARD,Automotive,4.32,S0062
P01500,2.65,STANDARD,Healthcare,28.03,S0021
P01501,4.07,STANDARD,Industrial,23.76,S0121
P01502,3.91,STANDARD,Industrial,64.45,S0105
P01503,15.3,HIGH_VALUE,Food,45.93,S0024
P01504,7.62,STANDARD,Industrial,11.74,S0025
P01505,5.22,HIGH_VALUE,Automotive,55.0,S0004
P01506,8.58,HIGH_VALUE,Automotive,20.69,S0143
P01507,1.38,FRAGILE,Consumer,13.63,S0066
P01508,5.87,STANDARD,Apparel,27.89,S0099
P01509,24.49,STANDARD,Automotive,21.5,S0023
P01510,6.64,STANDARD,Apparel,66.69,S0035
P01511,6.34,TEMPERATURE_CONTROLLED,Automotive,30.61,S0082
P01512,8.88,STANDARD,Automotive,28.04,S0032
P01513,11.32,HIGH_VALUE,Industrial,44.05,S0092
P01514,1.49,FRAGILE,Industrial,49.92,S0139
P01515,1.86,STANDARD,Automotive,40.83,S0046
P01516,7.01,FRAGILE,Electronics,61.72,S0092
P01517,3.67,STANDARD,Healthcare,36.44,S0138
P01518,15.16,HIGH_VALUE,Automotive,27.36,S0135
P01519,4.85,STANDARD,Automotive,54.9,S0002
P01520,1.56,HIGH_VALUE,Apparel,23.13,S0017
P01521,2.49,HAZARDOUS_RESTRICTED,Food,25.07,S0148
P01522,0.88,HIGH_VALUE,Apparel,75.12,S0139
P01523,5.14,STANDARD,Electronics,70.4,S0049
P01524,5.3,HAZARDOUS_RESTRICTED,Healthcare,24.4,S0079
P01525,4.49,STANDARD,Apparel,18.27,S0086
P01526,12.87,TEMPERATURE_CONTROLLED,Consumer,63.5,S0101
P01527,14.0,STANDARD,Automotive,41.28,S0113
P01528,5.37,STANDARD,Automotive,30.12,S0056
P01529,1.36,STANDARD,Healthcare,19.9,S0134
P01530,9.32,STANDARD,Consumer,30.44,S0009
P01531,8.92,STANDARD,Industrial,24.19,S0005
P01532,7.51,HAZARDOUS_RESTRICTED,Automotive,15.93,S0144
P01533,12.03,STANDARD,Industrial,26.68,S0027
P01534,2.68,TEMPERATURE_CONTROLLED,Consumer,29.15,S0150
P01535,24.68,STANDARD,Food,19.22,S0043
P01536,3.09,TEMPERATURE_CONTROLLED,Automotive,44.15,S0055
P01537,10.22,TEMPERATURE_CONTROLLED,Healthcare,56.7,S0005
P01538,1.86,STANDARD,Food,46.08,S0142
P01539,3.15,FRAGILE,Consumer,20.5,S0054
P01540,17.49,HIGH_VALUE,Healthcare,40.1,S0026
P01541,5.04,TEMPERATURE_CONTROLLED,Electronics,25.81,S0073
P01542,10.89,STANDARD,Electronics,10.99,S0024
P01543,7.14,STANDARD,Industrial,37.99,S0119
P01544,5.62,TEMPERATURE_CONTROLLED,Industrial,26.98,S0011
P01545,15.72,STANDARD,Apparel,132.4,S0075
P01546,5.13,TEMPERATURE_CONTROLLED,Automotive,63.26,S0059
P01547,1.74,STANDARD,Food,38.95,S0006
P01548,3.45,TEMPERATURE_CONTROLLED,Automotive,28.85,S0008
P01549,8.9,STANDARD,Food,27.29,S0078
P01550,7.98,STANDARD,Automotive,12.78,S0060
P01551,2.02,HIGH_VALUE,Healthcare,7.92,S0020
P01552,3.64,HIGH_VALUE,Apparel,13.91,S0021
P01553,4.03,HIGH_VALUE,Automotive,23.78,S0121
P01554,4.68,HIGH_VALUE,Industrial,6.24,S0110
P01555,2.31,STANDARD,Automotive,17.22,S0092
P01556,3.9,STANDARD,Consumer,20.89,S0126
P01557,3.63,STANDARD,Healthcare,21.33,S0011
P01558,10.38,STANDARD,Consumer,15.96,S0104
P01559,10.66,STANDARD,Food,19.65,S0113
P01560,5.46,HIGH_VALUE,Healthcare,75.23,S0031
P01561,4.6,STANDARD,Healthcare,37.73,S0081
P01562,6.67,STANDARD,Healthcare,17.04,S0116
P01563,3.42,STANDARD,Apparel,23.47,S0091
P01564,2.71,STANDARD,Industrial,24.09,S0038
P01565,3.13,STANDARD,Food,14.89,S0100
P01566,3.88,FRAGILE,Healthcare,14.88,S0114
P01567,2.68,STANDARD,Apparel,47.32,S0002
P01568,6.78,FRAGILE,Apparel,18.67,S0086
P01569,10.08,HIGH_VALUE,Apparel,12.04,S0076
P01570,1.99,FRAGILE,Food,23.85,S0056
P01571,6.16,FRAGILE,Industrial,26.49,S0007
P01572,5.19,STANDARD,Consumer,6.81,S0013
P01573,7.68,STANDARD,Electronics,23.89,S0113
P01574,6.0,STANDARD,Healthcare,43.13,S0125
P01575,2.19,HIGH_VALUE,Electronics,32.89,S0063
P01576,2.5,FRAGILE,Consumer,104.52,S0141
P01577,6.18,STANDARD,Consumer,55.32,S0140
P01578,12.43,STANDARD,Apparel,62.92,S0100
P01579,1.28,HAZARDOUS_RESTRICTED,Industrial,151.42,S0088
P01580,7.71,FRAGILE,Healthcare,40.16,S0145
P01581,13.91,FRAGILE,Consumer,27.28,S0092
P01582,5.44,HIGH_VALUE,Apparel,46.2,S0141
P01583,8.89,FRAGILE,Food,17.06,S0147
P01584,3.7,FRAGILE,Electronics,26.31,S0030
P01585,5.56,STANDARD,Healthcare,16.1,S0100
P01586,1.95,STANDARD,Electronics,31.78,S0110
P01587,1.17,HIGH_VALUE,Apparel,16.06,S0124
P01588,11.7,FRAGILE,Electronics,15.7,S0053
P01589,3.04,STANDARD,Apparel,32.1,S0130
P01590,4.4,FRAGILE,Industrial,22.43,S0074
P01591,2.29,STANDARD,Electronics,7.01,S0059
P01592,2.25,HAZARDOUS_RESTRICTED,Food,9.52,S0024
P01593,5.36,STANDARD,Automotive,11.64,S0049
P01594,3.63,TEMPERATURE_CONTROLLED,Healthcare,13.82,S0147
P01595,7.88,STANDARD,Consumer,32.12,S0108
P01596,8.3,STANDARD,Industrial,28.28,S0109
P01597,7.57,STANDARD,Consumer,49.03,S0135
P01598,7.15,HAZARDOUS_RESTRICTED,Automotive,40.02,S0041
P01599,18.25,STANDARD,Industrial,49.24,S0100
P01600,2.87,STANDARD,Healthcare,36.43,S0056
P01601,5.82,TEMPERATURE_CONTROLLED,Electronics,28.11,S0128
P01602,13.37,STANDARD,Healthcare,50.13,S0064
P01603,14.66,STANDARD,Consumer,44.59,S0129
P01604,2.24,STANDARD,Electronics,31.33,S0113
P01605,4.86,HIGH_VALUE,Electronics,56.05,S0116
P01606,15.65,STANDARD,Consumer,5.34,S0139
P01607,8.63,STANDARD,Healthcare,20.31,S0119
P01608,6.94,STANDARD,Electronics,20.11,S0049
P01609,5.19,STANDARD,Apparel,51.9,S0079
P01610,4.62,STANDARD,Apparel,68.13,S0071
P01611,7.4,STANDARD,Electronics,9.56,S0010
P01612,5.07,STANDARD,Industrial,61.39,S0089
P01613,5.87,STANDARD,Healthcare,11.46,S0066
P01614,6.39,HIGH_VALUE,Apparel,11.68,S0060
P01615,3.76,STANDARD,Electronics,21.07,S0017
P01616,8.78,STANDARD,Apparel,19.95,S0076
P01617,46.52,HIGH_VALUE,Healthcare,8.91,S0087
P01618,1.74,HIGH_VALUE,Electronics,37.43,S0016
P01619,7.59,FRAGILE,Food,38.15,S0096
P01620,3.55,STANDARD,Electronics,48.67,S0026
P01621,9.06,STANDARD,Electronics,18.51,S0022
P01622,6.25,STANDARD,Food,23.91,S0061
P01623,10.31,STANDARD,Automotive,24.05,S0059
P01624,13.77,STANDARD,Automotive,73.49,S0138
P01625,6.92,FRAGILE,Consumer,3.89,S0011
P01626,13.36,STANDARD,Consumer,13.17,S0053
P01627,1.17,FRAGILE,Consumer,24.62,S0111
P01628,18.42,STANDARD,Electronics,12.11,S0038
P01629,7.87,STANDARD,Automotive,20.74,S0148
P01630,12.86,TEMPERATURE_CONTROLLED,Industrial,22.6,S0112
P01631,2.58,HIGH_VALUE,Apparel,16.0,S0142
P01632,3.38,STANDARD,Automotive,25.58,S0143
P01633,6.7,FRAGILE,Electronics,36.9,S0017
P01634,5.98,STANDARD,Food,21.04,S0069
P01635,7.38,STANDARD,Industrial,18.27,S0112
P01636,12.92,TEMPERATURE_CONTROLLED,Industrial,22.03,S0002
P01637,1.76,STANDARD,Food,24.41,S0068
P01638,11.96,STANDARD,Apparel,7.92,S0104
P01639,6.08,STANDARD,Food,33.12,S0119
P01640,5.25,STANDARD,Consumer,18.3,S0063
P01641,2.16,STANDARD,Food,55.7,S0130
P01642,8.6,STANDARD,Electronics,36.02,S0102
P01643,1.12,HIGH_VALUE,Consumer,52.49,S0007
P01644,9.52,FRAGILE,Healthcare,12.72,S0042
P01645,2.13,STANDARD,Healthcare,19.27,S0141
P01646,6.28,STANDARD,Industrial,10.94,S0001
P01647,5.57,FRAGILE,Industrial,15.51,S0017
P01648,13.72,STANDARD,Automotive,55.36,S0052
P01649,5.34,STANDARD,Food,64.51,S0150
P01650,3.72,TEMPERATURE_CONTROLLED,Consumer,11.63,S0106
P01651,4.24,STANDARD,Healthcare,18.21,S0023
P01652,14.75,STANDARD,Automotive,23.35,S0059
P01653,8.81,STANDARD,Automotive,35.9,S0141
P01654,4.62,STANDARD,Industrial,7.82,S0033
P01655,5.13,STANDARD,Automotive,8.65,S0087
P01656,2.02,HIGH_VALUE,Consumer,33.73,S0070
P01657,7.94,STANDARD,Industrial,6.91,S0115
P01658,1.76,FRAGILE,Consumer,18.35,S0113
P01659,10.24,FRAGILE,Consumer,27.26,S0125
P01660,6.62,STANDARD,Automotive,32.14,S0018
P01661,32.16,STANDARD,Healthcare,22.37,S0069
P01662,2.8,STANDARD,Automotive,19.34,S0104
P01663,5.63,FRAGILE,Apparel,42.48,S0063
P01664,21.3,STANDARD,Industrial,29.53,S0101
P01665,13.93,TEMPERATURE_CONTROLLED,Consumer,16.11,S0096
P01666,3.72,HIGH_VALUE,Consumer,25.14,S0056
P01667,7.08,TEMPERATURE_CONTROLLED,Healthcare,31.47,S0016
P01668,6.06,HIGH_VALUE,Healthcare,74.95,S0146
P01669,7.37,TEMPERATURE_CONTROLLED,Food,40.9,S0124
P01670,3.71,HIGH_VALUE,Healthcare,54.03,S0135
P01671,5.68,HAZARDOUS_RESTRICTED,Consumer,16.5,S0045
P01672,1.98,TEMPERATURE_CONTROLLED,Industrial,17.45,S0048
P01673,6.65,TEMPERATURE_CONTROLLED,Food,21.05,S0049
P01674,8.29,HIGH_VALUE,Consumer,22.35,S0005
P01675,5.16,STANDARD,Apparel,12.74,S0026
P01676,1.95,FRAGILE,Consumer,55.86,S0047
P01677,12.09,STANDARD,Healthcare,43.56,S0149
P01678,7.81,HIGH_VALUE,Healthcare,20.11,S0031
P01679,3.64,STANDARD,Consumer,37.23,S0077
P01680,4.97,HAZARDOUS_RESTRICTED,Food,28.36,S0083
P01681,2.12,TEMPERATURE_CONTROLLED,Electronics,39.17,S0054
P01682,2.95,HIGH_VALUE,Apparel,10.24,S0138
P01683,4.15,STANDARD,Apparel,22.32,S0014
P01684,14.29,FRAGILE,Electronics,23.62,S0131
P01685,3.87,TEMPERATURE_CONTROLLED,Electronics,36.8,S0112
P01686,9.47,HIGH_VALUE,Consumer,16.31,S0046
P01687,4.15,HIGH_VALUE,Apparel,4.83,S0116
P01688,7.2,FRAGILE,Healthcare,12.14,S0065
P01689,5.48,FRAGILE,Consumer,23.58,S0146
P01690,11.15,STANDARD,Food,25.57,S0006
P01691,4.16,HIGH_VALUE,Healthcare,73.29,S0005
P01692,2.01,STANDARD,Industrial,35.83,S0082
P01693,2.3,FRAGILE,Food,25.87,S0140
P01694,4.17,TEMPERATURE_CONTROLLED,Industrial,24.02,S0010
P01695,2.52,STANDARD,Automotive,50.29,S0117
P01696,8.06,STANDARD,Automotive,16.72,S0141
P01697,4.37,STANDARD,Automotive,22.39,S0073
P01698,31.89,HIGH_VALUE,Industrial,12.09,S0131
P01699,1.79,STANDARD,Consumer,61.7,S0114
P01700,6.98,STANDARD,Consumer,31.66,S0033
P01701,2.75,FRAGILE,Industrial,15.49,S0129
P01702,4.28,STANDARD,Automotive,22.77,S0105
P01703,6.68,HIGH_VALUE,Electronics,34.17,S0002
P01704,1.19,STANDARD,Industrial,20.84,S0086
P01705,7.14,STANDARD,Food,17.33,S0099
P01706,22.92,STANDARD,Automotive,16.03,S0121
P01707,4.4,STANDARD,Consumer,30.58,S0116
P01708,7.26,STANDARD,Food,19.44,S0072
P01709,12.4,TEMPERATURE_CONTROLLED,Consumer,18.27,S0045
P01710,5.39,STANDARD,Apparel,10.29,S0029
P01711,4.03,STANDARD,Consumer,25.8,S0014
P01712,1.23,STANDARD,Automotive,21.81,S0096
P01713,9.48,STANDARD,Consumer,19.9,S0144
P01714,5.59,HIGH_VALUE,Healthcare,27.92,S0013
P01715,2.98,STANDARD,Food,39.89,S0106
P01716,6.61,HIGH_VALUE,Industrial,38.71,S0088
P01717,4.02,STANDARD,Food,35.14,S0026
P01718,4.18,STANDARD,Food,20.98,S0032
P01719,9.25,STANDARD,Electronics,16.97,S0043
P01720,2.37,STANDARD,Consumer,12.45,S0103
P01721,12.59,TEMPERATURE_CONTROLLED,Food,16.68,S0045
P01722,2.27,STANDARD,Consumer,24.85,S0125
P01723,3.8,STANDARD,Healthcare,14.72,S0056
P01724,23.24,FRAGILE,Food,26.11,S0017
P01725,13.32,FRAGILE,Automotive,13.1,S0015
P01726,6.48,HIGH_VALUE,Electronics,8.33,S0061
P01727,3.13,HIGH_VALUE,Industrial,41.79,S0062
P01728,4.18,FRAGILE,Consumer,18.02,S0111
P01729,6.37,HAZARDOUS_RESTRICTED,Automotive,14.24,S0072
P01730,6.21,TEMPERATURE_CONTROLLED,Industrial,12.05,S0025
P01731,5.68,STANDARD,Apparel,32.3,S0032
P01732,5.92,FRAGILE,Electronics,59.96,S0085
P01733,5.21,STANDARD,Industrial,18.88,S0051
P01734,2.2,TEMPERATURE_CONTROLLED,Automotive,21.33,S0101
P01735,4.21,HIGH_VALUE,Electronics,49.23,S0139
P01736,11.48,STANDARD,Healthcare,7.56,S0054
P01737,2.32,HAZARDOUS_RESTRICTED,Food,88.1,S0083
P01738,5.3,HIGH_VALUE,Food,120.14,S0125
P01739,3.41,STANDARD,Food,4.22,S0032
P01740,6.54,STANDARD,Healthcare,23.03,S0077
P01741,4.61,HIGH_VALUE,Electronics,15.37,S0046
P01742,17.02,HIGH_VALUE,Apparel,20.65,S0095
P01743,8.62,STANDARD,Healthcare,18.69,S0112
P01744,2.42,STANDARD,Apparel,41.58,S0022
P01745,9.68,FRAGILE,Electronics,22.8,S0029
P01746,3.52,STANDARD,Consumer,13.57,S0004
P01747,4.04,STANDARD,Consumer,21.93,S0002
P01748,7.54,STANDARD,Food,34.28,S0008
P01749,4.29,STANDARD,Electronics,11.37,S0107
P01750,11.3,FRAGILE,Healthcare,8.41,S0136
P01751,3.52,FRAGILE,Food,89.59,S0062
P01752,3.92,FRAGILE,Healthcare,16.16,S0133
P01753,3.82,TEMPERATURE_CONTROLLED,Consumer,22.44,S0110
P01754,4.07,STANDARD,Industrial,18.94,S0122
P01755,13.06,STANDARD,Apparel,35.03,S0111
P01756,9.39,STANDARD,Industrial,77.66,S0030
P01757,20.02,STANDARD,Consumer,35.76,S0079
P01758,29.59,STANDARD,Food,9.14,S0079
P01759,2.94,STANDARD,Consumer,9.98,S0097
P01760,6.36,STANDARD,Automotive,18.93,S0120
P01761,2.66,STANDARD,Industrial,20.61,S0017
P01762,3.51,FRAGILE,Healthcare,8.01,S0102
P01763,3.89,FRAGILE,Apparel,41.79,S0125
P01764,2.89,HIGH_VALUE,Industrial,12.11,S0018
P01765,2.9,TEMPERATURE_CONTROLLED,Consumer,64.76,S0063
P01766,5.47,FRAGILE,Automotive,80.11,S0135
P01767,2.58,STANDARD,Healthcare,20.88,S0004
P01768,10.91,FRAGILE,Apparel,32.63,S0025
P01769,3.18,STANDARD,Healthcare,11.01,S0121
P01770,43.24,STANDARD,Healthcare,36.8,S0026
P01771,4.41,STANDARD,Automotive,17.75,S0106
P01772,6.36,STANDARD,Apparel,12.1,S0136
P01773,2.44,STANDARD,Food,20.33,S0075
P01774,19.97,FRAGILE,Consumer,18.12,S0073
P01775,13.25,HAZARDOUS_RESTRICTED,Consumer,19.86,S0065
P01776,7.45,TEMPERATURE_CONTROLLED,Apparel,45.48,S0056
P01777,2.36,FRAGILE,Industrial,14.73,S0058
P01778,7.01,STANDARD,Industrial,75.77,S0084
P01779,2.76,STANDARD,Automotive,10.37,S0135
P01780,16.84,FRAGILE,Consumer,70.11,S0148
P01781,10.66,STANDARD,Consumer,12.67,S0130
P01782,6.47,STANDARD,Industrial,24.52,S0018
P01783,1.1,STANDARD,Apparel,17.84,S0047
P01784,3.04,HIGH_VALUE,Healthcare,19.62,S0114
P01785,9.79,FRAGILE,Food,41.3,S0082
P01786,14.14,STANDARD,Apparel,65.03,S0051
P01787,13.15,FRAGILE,Food,53.19,S0047
P01788,1.98,STANDARD,Consumer,18.86,S0018
P01789,7.47,STANDARD,Automotive,27.65,S0050
P01790,12.32,STANDARD,Industrial,14.76,S0064
P01791,1.89,STANDARD,Healthcare,12.88,S0063
P01792,6.02,FRAGILE,Food,11.65,S0083
P01793,7.33,STANDARD,Healthcare,18.46,S0041
P01794,4.9,TEMPERATURE_CONTROLLED,Electronics,28.85,S0031
P01795,1.65,STANDARD,Industrial,7.08,S0134
P01796,4.82,FRAGILE,Consumer,23.8,S0061
P01797,4.81,FRAGILE,Consumer,65.72,S0039
P01798,5.45,FRAGILE,Food,50.87,S0096
P01799,4.08,FRAGILE,Food,16.77,S0082
P01800,4.44,HIGH_VALUE,Automotive,9.9,S0087
P01801,5.88,STANDARD,Automotive,33.08,S0034
P01802,8.25,TEMPERATURE_CONTROLLED,Apparel,5.44,S0109
P01803,4.89,FRAGILE,Electronics,50.48,S0029
P01804,4.54,STANDARD,Consumer,21.35,S0126
P01805,6.45,STANDARD,Automotive,80.67,S0064
P01806,1.58,STANDARD,Apparel,7.98,S0062
P01807,8.45,STANDARD,Apparel,44.56,S0059
P01808,6.05,STANDARD,Consumer,22.98,S0064
P01809,6.22,STANDARD,Consumer,19.78,S0100
P01810,11.85,FRAGILE,Consumer,10.07,S0075
P01811,1.54,STANDARD,Consumer,36.13,S0020
P01812,1.52,TEMPERATURE_CONTROLLED,Industrial,38.07,S0085
P01813,7.33,STANDARD,Industrial,78.28,S0041
P01814,6.02,FRAGILE,Apparel,47.24,S0017
P01815,6.81,STANDARD,Consumer,16.68,S0126
P01816,4.38,STANDARD,Industrial,12.77,S0047
P01817,9.63,STANDARD,Food,10.08,S0090
P01818,11.62,FRAGILE,Food,63.92,S0026
P01819,8.49,STANDARD,Consumer,14.79,S0051
P01820,5.04,HIGH_VALUE,Industrial,64.21,S0058
P01821,1.38,STANDARD,Food,34.51,S0021
P01822,10.37,FRAGILE,Industrial,30.4,S0147
P01823,14.23,STANDARD,Automotive,20.1,S0047
P01824,9.5,FRAGILE,Food,37.69,S0088
P01825,3.27,STANDARD,Automotive,24.29,S0085
P01826,9.7,STANDARD,Industrial,19.3,S0065
P01827,11.05,STANDARD,Electronics,38.57,S0088
P01828,18.01,STANDARD,Healthcare,22.34,S0085
P01829,3.28,STANDARD,Consumer,14.6,S0013
P01830,5.16,HIGH_VALUE,Apparel,36.23,S0101
P01831,10.21,STANDARD,Industrial,23.53,S0018
P01832,6.3,STANDARD,Industrial,33.71,S0066
P01833,2.77,HIGH_VALUE,Consumer,18.27,S0055
P01834,8.09,STANDARD,Industrial,11.18,S0068
P01835,9.07,STANDARD,Electronics,75.78,S0011
P01836,6.43,FRAGILE,Automotive,67.04,S0106
P01837,7.05,HIGH_VALUE,Automotive,43.57,S0063
P01838,5.05,FRAGILE,Industrial,19.07,S0010
P01839,17.03,STANDARD,Industrial,20.18,S0001
P01840,3.22,HIGH_VALUE,Industrial,60.25,S0082
P01841,4.01,STANDARD,Healthcare,19.49,S0100
P01842,6.1,HIGH_VALUE,Electronics,16.26,S0083
P01843,11.19,HAZARDOUS_RESTRICTED,Electronics,82.84,S0109
P01844,2.12,HIGH_VALUE,Healthcare,23.78,S0114
P01845,2.42,STANDARD,Electronics,77.44,S0131
P01846,1.45,STANDARD,Healthcare,9.89,S0148
P01847,6.19,FRAGILE,Consumer,34.36,S0133
P01848,2.77,STANDARD,Electronics,94.27,S0120
P01849,4.62,STANDARD,Consumer,25.01,S0065
P01850,9.61,HIGH_VALUE,Consumer,20.66,S0076
P01851,3.86,FRAGILE,Consumer,11.48,S0093
P01852,7.11,STANDARD,Consumer,49.58,S0026
P01853,4.91,STANDARD,Apparel,14.87,S0102
P01854,9.68,STANDARD,Electronics,23.07,S0089
P01855,8.44,STANDARD,Industrial,11.0,S0079
P01856,3.73,STANDARD,Healthcare,67.49,S0126
P01857,5.38,HAZARDOUS_RESTRICTED,Consumer,51.97,S0104
P01858,12.56,FRAGILE,Food,24.03,S0140
P01859,7.97,STANDARD,Food,11.59,S0147
P01860,2.28,STANDARD,Consumer,66.58,S0124
P01861,9.57,FRAGILE,Healthcare,19.34,S0045
P01862,2.83,HAZARDOUS_RESTRICTED,Healthcare,11.96,S0029
P01863,16.26,HIGH_VALUE,Electronics,7.8,S0045
P01864,12.39,STANDARD,Automotive,16.12,S0107
P01865,7.41,HAZARDOUS_RESTRICTED,Automotive,9.53,S0130
P01866,6.75,STANDARD,Industrial,16.37,S0133
P01867,5.23,STANDARD,Apparel,39.8,S0103
P01868,9.73,HIGH_VALUE,Apparel,19.22,S0103
P01869,4.67,STANDARD,Healthcare,30.91,S0143
P01870,7.13,STANDARD,Food,15.33,S0103
P01871,11.14,STANDARD,Electronics,25.59,S0022
P01872,4.08,STANDARD,Food,85.51,S0076
P01873,3.93,STANDARD,Apparel,19.56,S0054
P01874,2.62,FRAGILE,Industrial,31.5,S0096
P01875,2.87,STANDARD,Consumer,8.87,S0096
P01876,1.68,STANDARD,Healthcare,65.9,S0045
P01877,10.08,HIGH_VALUE,Apparel,17.99,S0045
P01878,21.46,STANDARD,Industrial,48.56,S0014
P01879,16.41,HIGH_VALUE,Industrial,22.64,S0044
P01880,1.94,STANDARD,Healthcare,36.51,S0125
P01881,10.05,FRAGILE,Industrial,37.95,S0099
P01882,16.37,STANDARD,Healthcare,18.28,S0142
P01883,4.39,HAZARDOUS_RESTRICTED,Consumer,49.89,S0139
P01884,6.49,STANDARD,Consumer,14.98,S0129
P01885,1.48,HIGH_VALUE,Automotive,40.68,S0027
P01886,7.29,STANDARD,Industrial,19.04,S0051
P01887,2.87,FRAGILE,Industrial,30.79,S0009
P01888,6.96,STANDARD,Food,18.17,S0015
P01889,2.03,STANDARD,Industrial,25.34,S0035
P01890,8.85,STANDARD,Electronics,12.2,S0043
P01891,12.39,STANDARD,Automotive,28.82,S0003
P01892,3.5,STANDARD,Electronics,25.25,S0127
P01893,2.73,FRAGILE,Healthcare,17.27,S0080
P01894,1.34,STANDARD,Apparel,23.67,S0099
P01895,5.02,STANDARD,Industrial,26.77,S0099
P01896,4.03,STANDARD,Consumer,16.43,S0146
P01897,2.04,STANDARD,Automotive,22.56,S0023
P01898,8.31,STANDARD,Healthcare,12.76,S0052
P01899,4.42,FRAGILE,Consumer,112.7,S0047
P01900,2.85,STANDARD,Consumer,48.83,S0083
P01901,4.1,HIGH_VALUE,Healthcare,29.3,S0079
P01902,12.81,STANDARD,Industrial,52.56,S0119
P01903,9.23,STANDARD,Food,6.78,S0085
P01904,5.52,HIGH_VALUE,Industrial,4.65,S0036
P01905,9.33,STANDARD,Food,18.92,S0085
P01906,2.68,STANDARD,Automotive,10.01,S0145
P01907,6.19,HIGH_VALUE,Food,21.04,S0087
P01908,6.71,HIGH_VALUE,Healthcare,28.04,S0089
P01909,4.35,FRAGILE,Automotive,44.62,S0027
P01910,8.21,STANDARD,Consumer,11.71,S0002
P01911,3.5,FRAGILE,Healthcare,31.81,S0032
P01912,8.64,HIGH_VALUE,Industrial,24.76,S0004
P01913,8.9,HIGH_VALUE,Automotive,30.75,S0068
P01914,0.79,STANDARD,Consumer,17.5,S0133
P01915,13.92,STANDARD,Industrial,60.28,S0068
P01916,0.72,STANDARD,Apparel,22.94,S0097
P01917,3.93,STANDARD,Consumer,77.73,S0129
P01918,12.4,FRAGILE,Industrial,14.68,S0115
P01919,4.84,STANDARD,Food,39.76,S0098
P01920,2.17,STANDARD,Electronics,23.6,S0118
P01921,2.81,STANDARD,Consumer,19.83,S0043
P01922,12.41,STANDARD,Automotive,37.0,S0064
P01923,1.58,STANDARD,Consumer,20.2,S0060
P01924,13.33,STANDARD,Apparel,4.35,S0120
P01925,5.82,STANDARD,Consumer,3.35,S0062
P01926,2.63,HIGH_VALUE,Consumer,56.1,S0141
P01927,4.02,STANDARD,Apparel,54.58,S0028
P01928,2.97,STANDARD,Consumer,83.66,S0026
P01929,11.09,STANDARD,Apparel,24.25,S0108
P01930,10.1,STANDARD,Healthcare,10.59,S0115
P01931,1.82,STANDARD,Industrial,18.68,S0102
P01932,4.56,STANDARD,Industrial,24.72,S0047
P01933,3.31,STANDARD,Consumer,12.75,S0002
P01934,14.96,STANDARD,Automotive,71.63,S0049
P01935,2.35,FRAGILE,Electronics,105.18,S0070
P01936,18.6,STANDARD,Industrial,33.48,S0062
P01937,5.91,STANDARD,Food,24.36,S0139
P01938,2.68,FRAGILE,Apparel,10.57,S0130
P01939,3.77,STANDARD,Apparel,67.03,S0117
P01940,3.45,STANDARD,Industrial,25.78,S0004
P01941,2.48,STANDARD,Electronics,20.33,S0020
P01942,6.46,STANDARD,Healthcare,33.54,S0066
P01943,2.56,STANDARD,Apparel,16.76,S0094
P01944,1.31,HIGH_VALUE,Automotive,26.99,S0103
P01945,4.64,HIGH_VALUE,Apparel,9.61,S0045
P01946,1.71,HIGH_VALUE,Automotive,49.73,S0017
P01947,3.57,STANDARD,Automotive,22.92,S0050
P01948,3.2,STANDARD,Consumer,52.1,S0119
P01949,3.29,STANDARD,Food,21.53,S0148
P01950,24.55,STANDARD,Automotive,22.45,S0142
P01951,6.29,STANDARD,Consumer,11.16,S0089
P01952,7.18,STANDARD,Food,40.2,S0014
P01953,1.74,STANDARD,Healthcare,13.88,S0146
P01954,3.83,STANDARD,Apparel,17.88,S0023
P01955,7.03,STANDARD,Automotive,24.55,S0041
P01956,2.95,FRAGILE,Food,26.54,S0147
P01957,11.42,STANDARD,Automotive,8.09,S0076
P01958,2.61,HIGH_VALUE,Consumer,21.11,S0030
P01959,4.95,STANDARD,Healthcare,41.14,S0076
P01960,4.01,STANDARD,Consumer,19.18,S0012
P01961,6.79,STANDARD,Healthcare,21.2,S0048
P01962,3.86,STANDARD,Consumer,27.26,S0143
P01963,5.0,STANDARD,Apparel,22.6,S0045
P01964,5.13,STANDARD,Automotive,12.56,S0134
P01965,3.62,FRAGILE,Automotive,23.96,S0082
P01966,8.5,STANDARD,Healthcare,46.81,S0099
P01967,7.15,STANDARD,Apparel,12.39,S0106
P01968,5.69,HIGH_VALUE,Consumer,19.23,S0083
P01969,4.48,STANDARD,Automotive,9.99,S0006
P01970,10.57,FRAGILE,Electronics,45.24,S0138
P01971,5.13,STANDARD,Electronics,23.1,S0072
P01972,4.88,STANDARD,Electronics,14.12,S0099
P01973,6.51,STANDARD,Apparel,26.05,S0084
P01974,19.84,STANDARD,Apparel,11.22,S0099
P01975,2.37,FRAGILE,Electronics,12.53,S0054
P01976,10.37,STANDARD,Electronics,9.5,S0127
P01977,1.61,STANDARD,Apparel,12.26,S0034
P01978,7.04,STANDARD,Automotive,59.28,S0098
P01979,18.22,HIGH_VALUE,Healthcare,15.23,S0087
P01980,8.52,TEMPERATURE_CONTROLLED,Consumer,33.22,S0076
P01981,6.82,HIGH_VALUE,Industrial,14.24,S0004
P01982,4.09,FRAGILE,Industrial,40.19,S0059
P01983,6.18,FRAGILE,Healthcare,12.59,S0008
P01984,5.07,STANDARD,Food,25.17,S0076
P01985,3.49,HIGH_VALUE,Apparel,25.39,S0104
P01986,4.94,STANDARD,Industrial,111.39,S0079
P01987,6.95,STANDARD,Automotive,36.96,S0114
P01988,3.54,FRAGILE,Food,16.69,S0055
P01989,3.44,STANDARD,Food,38.29,S0046
P01990,2.33,STANDARD,Apparel,98.48,S0068
P01991,7.95,STANDARD,Electronics,8.51,S0035
P01992,8.86,STANDARD,Industrial,14.19,S0121
P01993,7.11,HAZARDOUS_RESTRICTED,Industrial,21.03,S0122
P01994,11.89,STANDARD,Industrial,18.71,S0063
P01995,6.43,HAZARDOUS_RESTRICTED,Industrial,19.76,S0119
P01996,7.96,STANDARD,Healthcare,10.51,S0004
P01997,7.48,TEMPERATURE_CONTROLLED,Automotive,61.1,S0024
P01998,5.67,STANDARD,Healthcare,9.73,S0043
P01999,4.17,HIGH_VALUE,Healthcare,21.54,S0059
P02000,28.5,STANDARD,Industrial,48.41,S0035
