route_id,origin_port,logistic_hub,city_from_name,city_to_name,distance_km
R0001,PORT_29,HUB_23,Hyderabad,Dubai,6878
R0002,PORT_19,HUB_38,Mumbai,Singapore,11991
R0003,PORT_17,HUB_02,Chennai,Frankfurt,7524
R0004,PORT_08,HUB_15,Pune,Sydney,6045
R0005,PORT_13,HUB_15,Mumbai,Dubai,10057
R0006,PORT_02,HUB_33,Mumbai,Tokyo,11433
R0007,PORT_23,HUB_30,Delhi,New York,7812
R0008,PORT_13,HUB_02,Ahmedabad,Singapore,11689
R0009,PORT_28,HUB_01,Pune,Tokyo,2998
R0010,PORT_25,HUB_05,Mumbai,Sydney,8991
R0011,PORT_04,HUB_06,Delhi,Dubai,2436
R0012,PORT_18,HUB_01,Delhi,London,11659
R0013,PORT_30,HUB_34,Delhi,New York,6200
R0014,PORT_26,HUB_30,Ahmedabad,New York,11054
R0015,PORT_23,HUB_30,Pune,London,7420
R0016,PORT_11,HUB_26,Delhi,Toronto,6984
R0017,PORT_22,HUB_09,Bengaluru,Toronto,2003
R0018,PORT_11,HUB_28,Bengaluru,Tokyo,5818
R0019,PORT_09,HUB_37,Bengaluru,Sydney,3865
R0020,PORT_14,HUB_10,Ahmedabad,Toronto,2327
R0021,PORT_08,HUB_23,Hyderabad,Frankfurt,4604
R0022,PORT_21,HUB_36,Ahmedabad,Frankfurt,9986
R0023,PORT_21,HUB_08,Bengaluru,London,7646
R0024,PORT_22,HUB_38,Ahmedabad,Toronto,6220
R0025,PORT_13,HUB_18,Ahmedabad,Singapore,6437
R0026,PORT_21,HUB_01,Pune,London,3583
R0027,PORT_19,HUB_01,Mumbai,Frankfurt,7133
R0028,PORT_04,HUB_15,Delhi,New York,3816
R0029,PORT_01,HUB_22,Bengaluru,New York,4534
R0030,PORT_15,HUB_06,Mumbai,Frankfurt,7230
R0031,PORT_15,HUB_39,Pune,Dubai,6437
R0032,PORT_18,HUB_02,Hyderabad,Toronto,4475
R0033,PORT_14,HUB_09,Chennai,London,9342
R0034,PORT_30,HUB_27,Bengaluru,Tokyo,8007
R0035,PORT_13,HUB_03,Hyderabad,Toronto,6575
R0036,PORT_23,HUB_03,Mumbai,London,4504
R0037,PORT_30,HUB_19,Pune,Tokyo,5201
R0038,PORT_29,HUB_09,Chennai,Tokyo,7949
R0039,PORT_08,HUB_35,Mumbai,London,2107
R0040,PORT_06,HUB_30,Pune,Tokyo,10370
R0041,PORT_03,HUB_25,Chennai,Sydney,7716
R0042,PORT_23,HUB_23,Hyderabad,Tokyo,10078
R0043,PORT_06,HUB_35,Pune,Dubai,11252
R0044,PORT_06,HUB_25,Mumbai,Singapore,7823
R0045,PORT_21,HUB_28,Delhi,Toronto,876
R0046,PORT_26,HUB_13,Kolkata,Sydney,3289
R0047,PORT_13,HUB_34,Bengaluru,Singapore,6251
R0048,PORT_10,HUB_21,Hyderabad,Dubai,11116
R0049,PORT_20,HUB_19,Chennai,Dubai,5901
R0050,PORT_20,HUB_11,Pune,Frankfurt,429
R0051,PORT_17,HUB_08,Chennai,Singapore,3629
R0052,PORT_16,HUB_40,Mumbai,Dubai,2537
R0053,PORT_10,HUB_09,Delhi,Sydney,4738
R0054,PORT_20,HUB_28,Mumbai,Singapore,5163
R0055,PORT_14,HUB_01,Pune,London,4071
R0056,PORT_19,HUB_38,Bengaluru,Sydney,5137
R0057,PORT_04,HUB_09,Delhi,London,2733
R0058,PORT_05,HUB_08,Pune,Frankfurt,739
R0059,PORT_17,HUB_34,Hyderabad,London,3488
R0060,PORT_12,HUB_12,Ahmedabad,Sydney,4316
R0061,PORT_28,HUB_35,Chennai,Frankfurt,7981
R0062,PORT_13,HUB_19,Hyderabad,Tokyo,3737
R0063,PORT_18,HUB_10,Ahmedabad,Dubai,1083
R0064,PORT_02,HUB_14,Kolkata,Sydney,5619
R0065,PORT_06,HUB_15,Mumbai,Frankfurt,8828
R0066,PORT_02,HUB_32,Mumbai,Tokyo,9841
R0067,PORT_24,HUB_27,Pune,Singapore,1888
R0068,PORT_12,HUB_25,Kolkata,Toronto,3909
R0069,PORT_26,HUB_18,Mumbai,Tokyo,1790
R0070,PORT_13,HUB_32,Bengaluru,London,2248
R0071,PORT_01,HUB_04,Bengaluru,Toronto,6220
R0072,PORT_18,HUB_14,Mumbai,Dubai,8161
R0073,PORT_02,HUB_05,Bengaluru,New York,6029
R0074,PORT_07,HUB_06,Hyderabad,London,6549
R0075,PORT_05,HUB_10,Chennai,Frankfurt,3532
R0076,PORT_07,HUB_22,Hyderabad,Singapore,8478
R0077,PORT_11,HUB_14,Hyderabad,Singapore,5214
R0078,PORT_18,HUB_06,Kolkata,Dubai,7360
R0079,PORT_02,HUB_08,Delhi,New York,8709
R0080,PORT_15,HUB_06,Hyderabad,Toronto,1356
R0081,PORT_22,HUB_16,Chennai,Tokyo,612
R0082,PORT_12,HUB_08,Kolkata,Dubai,1365
R0083,PORT_16,HUB_40,Chennai,Frankfurt,9690
R0084,PORT_09,HUB_20,Bengaluru,Tokyo,3730
R0085,PORT_23,HUB_28,Kolkata,Frankfurt,11126
R0086,PORT_27,HUB_40,Pune,London,1582
R0087,PORT_04,HUB_39,Delhi,Dubai,2913
R0088,PORT_01,HUB_22,Kolkata,Frankfurt,9006
R0089,PORT_15,HUB_39,Bengaluru,Dubai,3506
R0090,PORT_23,HUB_22,Bengaluru,London,746
R0091,PORT_24,HUB_32,Pune,Frankfurt,399
R0092,PORT_22,HUB_27,Pune,Singapore,8855
R0093,PORT_22,HUB_35,Kolkata,Tokyo,4997
R0094,PORT_21,HUB_28,Bengaluru,Toronto,337
R0095,PORT_24,HUB_32,Kolkata,New York,8755
R0096,PORT_14,HUB_17,Bengaluru,Toronto,2721
R0097,PORT_25,HUB_14,Mumbai,Sydney,3084
R0098,PORT_07,HUB_11,Hyderabad,Singapore,2166
R0099,PORT_12,HUB_09,Mumbai,Sydney,7267
R0100,PORT_01,HUB_05,Bengaluru,London,2083
R0101,PORT_20,HUB_34,Hyderabad,Tokyo,5231
R0102,PORT_04,HUB_32,Ahmedabad,Sydney,1470
R0103,PORT_17,HUB_25,Chennai,Sydney,1503
R0104,PORT_09,HUB_39,Kolkata,Tokyo,6076
R0105,PORT_23,HUB_04,Pune,Dubai,2401
R0106,PORT_16,HUB_18,Mumbai,Toronto,3831
R0107,PORT_26,HUB_01,Mumbai,London,7272
R0108,PORT_13,HUB_07,Kolkata,Sydney,1863
R0109,PORT_08,HUB_20,Pune,Singapore,3004
R0110,PORT_08,HUB_25,Chennai,Tokyo,5277
R0111,PORT_10,HUB_35,Bengaluru,Toronto,10658
R0112,PORT_08,HUB_35,Mumbai,London,6799
R0113,PORT_23,HUB_24,Kolkata,Frankfurt,7233
R0114,PORT_15,HUB_20,Kolkata,New York,4160
R0115,PORT_05,HUB_12,Hyderabad,Singapore,2378
R0116,PORT_29,HUB_12,Pune,Singapore,11675
R0117,PORT_07,HUB_16,Bengaluru,Singapore,6733
R0118,PORT_24,HUB_01,Chennai,Toronto,3374
R0119,PORT_28,HUB_38,Ahmedabad,Sydney,9929
R0120,PORT_12,HUB_40,Delhi,New York,366
R0121,PORT_29,HUB_24,Ahmedabad,London,3964
R0122,PORT_16,HUB_35,Kolkata,Toronto,2809
R0123,PORT_24,HUB_30,Ahmedabad,Dubai,4795
R0124,PORT_03,HUB_17,Bengaluru,Tokyo,9110
R0125,PORT_23,HUB_40,Ahmedabad,New York,10547
R0126,PORT_02,HUB_29,Kolkata,Sydney,6193
R0127,PORT_06,HUB_29,Ahmedabad,Dubai,1051
R0128,PORT_20,HUB_23,Kolkata,Dubai,6993
R0129,PORT_18,HUB_34,Hyderabad,London,1254
R0130,PORT_18,HUB_26,Delhi,Tokyo,11275
R0131,PORT_06,HUB_23,Pune,Dubai,2394
R0132,PORT_12,HUB_06,Delhi,Singapore,10790
R0133,PORT_18,HUB_14,Bengaluru,Dubai,7283
R0134,PORT_21,HUB_33,Mumbai,New York,9281
R0135,PORT_24,HUB_08,Ahmedabad,London,4874
R0136,PORT_06,HUB_06,Delhi,Singapore,8873
R0137,PORT_18,HUB_16,Kolkata,New York,2455
R0138,PORT_09,HUB_36,Chennai,Sydney,11582
R0139,PORT_08,HUB_13,Mumbai,New York,2802
R0140,PORT_24,HUB_16,Ahmedabad,Toronto,4995
R0141,PORT_18,HUB_01,Chennai,New York,5833
R0142,PORT_12,HUB_04,Bengaluru,Frankfurt,5799
R0143,PORT_13,HUB_20,Pune,Toronto,6728
R0144,PORT_05,HUB_35,Delhi,Dubai,756
R0145,PORT_24,HUB_16,Chennai,Toronto,3860
R0146,PORT_30,HUB_36,Chennai,Tokyo,7357
R0147,PORT_06,HUB_14,Hyderabad,Singapore,8746
R0148,PORT_09,HUB_38,Bengaluru,Tokyo,1701
R0149,PORT_01,HUB_06,Hyderabad,Toronto,2089
R0150,PORT_22,HUB_02,Delhi,New York,9991
