supplier_id,supplier_name,supplier_region,supplier_tier,reliability_baseline
S0001,Supplier_0001,Central,Tier_1,0.981
S0002,Supplier_0002,South,Tier_3,0.836
S0003,Supplier_0003,Central,Tier_3,0.795
S0004,Supplier_0004,East,Tier_2,0.835
S0005,Supplier_0005,Central,Tier_2,0.777
S0006,Supplier_0006,North,Tier_2,0.959
S0007,Supplier_0007,West,Tier_2,0.818
S0008,Supplier_0008,South,Tier_2,0.898
S0009,Supplier_0009,South,Tier_1,0.825
S0010,Supplier_0010,North,Tier_2,0.963
S0011,Supplier_0011,Central,Tier_2,0.893
S0012,Supplier_0012,West,Tier_2,0.852
S0013,Supplier_0013,Central,Tier_1,0.756
S0014,Supplier_0014,East,Tier_2,0.964
S0015,Supplier_0015,North,Tier_2,0.868
S0016,Supplier_0016,South,Tier_2,0.797
S0017,Supplier_0017,East,Tier_2,0.957
S0018,Supplier_0018,North,Tier_2,0.735
S0019,Supplier_0019,Central,Tier_3,0.805
S0020,Supplier_0020,Central,Tier_3,0.865
S0021,Supplier_0021,East,Tier_1,0.812
S0022,Supplier_0022,East,Tier_3,0.849
S0023,Supplier_0023,West,Tier_2,0.791
S0024,Supplier_0024,West,Tier_2,0.755
S0025,Supplier_0025,North,Tier_2,0.73
S0026,Supplier_0026,East,Tier_2,0.763
S0027,Supplier_0027,West,Tier_1,0.977
S0028,Supplier_0028,Central,Tier_3,0.875
S0029,Supplier_0029,East,Tier_2,0.852
S0030,Supplier_0030,Central,Tier_2,0.824
S0031,Supplier_0031,East,Tier_2,0.911
S0032,Supplier_0032,South,Tier_1,0.758
S0033,Supplier_0033,East,Tier_1,0.795
S0034,Supplier_0034,West,Tier_2,0.897
S0035,Supplier_0035,Central,Tier_2,0.849
S0036,Supplier_0036,South,Tier_3,0.928
S0037,Supplier_0037,South,Tier_2,0.962
S0038,Supplier_0038,West,Tier_2,0.942
S0039,Supplier_0039,West,Tier_3,0.77
S0040,Supplier_0040,South,Tier_1,0.745
S0041,Supplier_0041,West,Tier_2,0.766
S0042,Supplier_0042,North,Tier_2,0.932
S0043,Supplier_0043,South,Tier_2,0.967
S0044,Supplier_0044,Central,Tier_1,0.97
S0045,Supplier_0045,East,Tier_1,0.801
S0046,Supplier_0046,Central,Tier_1,0.947
S0047,Supplier_0047,South,Tier_2,0.865
S0048,Supplier_0048,South,Tier_1,0.942
S0049,Supplier_0049,Central,Tier_2,0.868
S0050,Supplier_0050,Central,Tier_1,0.759
S0051,Supplier_0051,Central,Tier_1,0.741
S0052,Supplier_0052,South,Tier_2,0.978
S0053,Supplier_0053,Central,Tier_1,0.835
S0054,Supplier_0054,East,Tier_3,0.815
S0055,Supplier_0055,Central,Tier_2,0.816
S0056,Supplier_0056,Central,Tier_1,0.822
S0057,Supplier_0057,East,Tier_1,0.975
S0058,Supplier_0058,South,Tier_2,0.737
S0059,Supplier_0059,Central,Tier_2,0.752
S0060,Supplier_0060,East,Tier_3,0.933
S0061,Supplier_0061,East,Tier_2,0.868
S0062,Supplier_0062,West,Tier_2,0.755
S0063,Supplier_0063,Central,Tier_2,0.729
S0064,Supplier_0064,North,Tier_3,0.781
S0065,Supplier_0065,Central,Tier_2,0.79
S0066,Supplier_0066,East,Tier_2,0.724
S0067,Supplier_0067,North,Tier_2,0.778
S0068,Supplier_0068,South,Tier_3,0.919
S0069,Supplier_0069,East,Tier_2,0.951
S0070,Supplier_0070,West,Tier_3,0.963
S0071,Supplier_0071,East,Tier_3,0.825
S0072,Supplier_0072,North,Tier_1,0.806
S0073,Supplier_0073,East,Tier_3,0.99
S0074,Supplier_0074,South,Tier_2,0.928
S0075,Supplier_0075,South,Tier_2,0.865
S0076,Supplier_0076,West,Tier_2,0.789
S0077,Supplier_0077,Central,Tier_3,0.807
S0078,Supplier_0078,North,Tier_2,0.859
S0079,Supplier_0079,West,Tier_2,0.866
S0080,Supplier_0080,East,Tier_1,0.724
S0081,Supplier_0081,South,Tier_2,0.979
S0082,Supplier_0082,West,Tier_3,0.875
S0083,Supplier_0083,South,Tier_2,0.879
S0084,Supplier_0084,West,Tier_1,0.777
S0085,Supplier_0085,East,Tier_3,0.927
S0086,Supplier_0086,North,Tier_3,0.919
S0087,Supplier_0087,West,Tier_2,0.746
S0088,Supplier_0088,Central,Tier_1,0.881
S0089,Supplier_0089,East,Tier_2,0.898
S0090,Supplier_0090,West,Tier_1,0.946
S0091,Supplier_0091,North,Tier_2,0.776
S0092,Supplier_0092,South,Tier_2,0.957
S0093,Supplier_0093,South,Tier_3,0.845
S0094,Supplier_0094,West,Tier_2,0.746
S0095,Supplier_0095,South,Tier_3,0.749
S0096,Supplier_0096,West,Tier_3,0.773
S0097,Supplier_0097,South,Tier_1,0.796
S0098,Supplier_0098,West,Tier_1,0.854
S0099,Supplier_0099,South,Tier_2,0.922
S0100,Supplier_0100,East,Tier_3,0.77
S0101,Supplier_0101,North,Tier_2,0.988
S0102,Supplier_0102,West,Tier_2,0.764
S0103,Supplier_0103,North,Tier_2,0.882
S0104,Supplier_0104,Central,Tier_2,0.971
S0105,Supplier_0105,Central,Tier_2,0.945
S0106,Supplier_0106,East,Tier_1,0.895
S0107,Supplier_0107,Central,Tier_1,0.913
S0108,Supplier_0108,Central,Tier_1,0.756
S0109,Supplier_0109,North,Tier_3,0.723
S0110,Supplier_0110,West,Tier_3,0.837
S0111,Supplier_0111,South,Tier_3,0.744
S0112,Supplier_0112,Central,Tier_1,0.817
S0113,Supplier_0113,Central,Tier_2,0.78
S0114,Supplier_0114,Central,Tier_1,0.967
S0115,Supplier_0115,East,Tier_2,0.958
S0116,Supplier_0116,North,Tier_2,0.941
S0117,Supplier_0117,North,Tier_3,0.913
S0118,Supplier_0118,North,Tier_1,0.762
S0119,Supplier_0119,Central,Tier_2,0.733
S0120,Supplier_0120,East,Tier_3,0.897
S0121,Supplier_0121,South,Tier_2,0.893
S0122,Supplier_0122,East,Tier_1,0.82
S0123,Supplier_0123,North,Tier_3,0.848
S0124,Supplier_0124,East,Tier_2,0.852
S0125,Supplier_0125,East,Tier_2,0.785
S0126,Supplier_0126,West,Tier_2,0.805
S0127,Supplier_0127,North,Tier_3,0.833
S0128,Supplier_0128,Central,Tier_2,0.883
S0129,Supplier_0129,North,Tier_2,0.978
S0130,Supplier_0130,East,Tier_2,0.865
S0131,Supplier_0131,South,Tier_1,0.917
S0132,Supplier_0132,West,Tier_3,0.938
S0133,Supplier_0133,West,Tier_1,0.751
S0134,Supplier_0134,North,Tier_2,0.896
S0135,Supplier_0135,East,Tier_2,0.85
S0136,Supplier_0136,East,Tier_2,0.875
S0137,Supplier_0137,East,Tier_2,0.73
S0138,Supplier_0138,North,Tier_2,0.965
S0139,Supplier_0139,North,Tier_2,0.977
S0140,Supplier_0140,East,Tier_1,0.721
S0141,Supplier_0141,South,Tier_3,0.777
S0142,Supplier_0142,East,Tier_3,0.769
S0143,Supplier_0143,North,Tier_2,0.931
S0144,Supplier_0144,West,Tier_2,0.881
S0145,Supplier_0145,North,Tier_1,0.768
S0146,Supplier_0146,West,Tier_1,0.94
S0147,Supplier_0147,Central,Tier_2,0.815
S0148,Supplier_0148,South,Tier_3,0.844
S0149,Supplier_0149,North,Tier_2,0.825
S0150,Supplier_0150,North,Tier_2,0.861
