3pl,base_delay_factor,service_region
3PL_01,1.306,Central
3PL_02,1.065,West
3PL_03,0.946,West
3PL_04,1.317,North
3PL_05,0.763,Central
3PL_06,0.872,East
3PL_07,1.329,East
3PL_08,1.135,West
3PL_09,1.292,South
3PL_10,1.337,South
3PL_11,1.409,South
3PL_12,0.794,East
3PL_13,1.309,West
3PL_14,1.246,South
3PL_15,0.895,South
3PL_16,1.402,Central
3PL_17,1.033,East
3PL_18,1.371,Central
3PL_19,1.174,South
3PL_20,1.119,South
3PL_21,0.862,South
3PL_22,1.39,East
3PL_23,1.14,West
3PL_24,0.754,East
3PL_25,0.763,South
